,antecedents,consequents,antecedent support,consequent support,support,confidence,lift,representativity,leverage,conviction,zhangs_metric,jaccard,certainty,kulczynski
519,frozenset({'tentativa_de_homicidio'}),"frozenset({'homicidio_culposo_por_acidente_de_transito', 'roubo_outros'})",0.7884615384615384,0.75,0.7115384615384616,0.902439024390244,1.2032520325203253,1.0,0.12019230769230771,2.5625000000000036,0.7985257985257984,0.86046511627907,0.6097560975609762,0.9255784865540964
516,"frozenset({'homicidio_culposo_por_acidente_de_transito', 'roubo_outros'})",frozenset({'tentativa_de_homicidio'}),0.75,0.7884615384615384,0.7115384615384616,0.9487179487179488,1.2032520325203253,1.0,0.12019230769230771,4.125000000000006,0.6756756756756758,0.86046511627907,0.7575757575757579,0.9255784865540964
334,frozenset({'tentativa_de_homicidio'}),"frozenset({'homicidio_culposo_por_acidente_de_transito', 'furto_de_veiculos'})",0.7884615384615384,0.75,0.7115384615384616,0.902439024390244,1.2032520325203253,1.0,0.12019230769230771,2.5625000000000036,0.7985257985257984,0.86046511627907,0.6097560975609762,0.9255784865540964
331,"frozenset({'homicidio_culposo_por_acidente_de_transito', 'furto_de_veiculos'})",frozenset({'tentativa_de_homicidio'}),0.75,0.7884615384615384,0.7115384615384616,0.9487179487179488,1.2032520325203253,1.0,0.12019230769230771,4.125000000000006,0.6756756756756758,0.86046511627907,0.7575757575757579,0.9255784865540964
517,"frozenset({'tentativa_de_homicidio', 'roubo_outros'})",frozenset({'homicidio_culposo_por_acidente_de_transito'}),0.7884615384615384,0.7692307692307693,0.7115384615384616,0.902439024390244,1.1731707317073172,1.0,0.1050295857988166,2.365384615384618,0.6977886977886979,0.8409090909090909,0.577235772357724,0.913719512195122
518,frozenset({'homicidio_culposo_por_acidente_de_transito'}),"frozenset({'tentativa_de_homicidio', 'roubo_outros'})",0.7692307692307693,0.7884615384615384,0.7115384615384616,0.925,1.1731707317073172,1.0,0.1050295857988166,2.8205128205128225,0.63963963963964,0.8409090909090909,0.6454545454545457,0.913719512195122
507,"frozenset({'tentativa_de_homicidio', 'lesao_corporal_dolosa'})",frozenset({'homicidio_culposo_por_acidente_de_transito'}),0.7884615384615384,0.7692307692307693,0.7115384615384616,0.902439024390244,1.1731707317073172,1.0,0.1050295857988166,2.365384615384618,0.6977886977886979,0.8409090909090909,0.577235772357724,0.913719512195122
506,"frozenset({'homicidio_culposo_por_acidente_de_transito', 'lesao_corporal_dolosa'})",frozenset({'tentativa_de_homicidio'}),0.7692307692307693,0.7884615384615384,0.7115384615384616,0.925,1.1731707317073172,1.0,0.1050295857988166,2.8205128205128225,0.63963963963964,0.8409090909090909,0.6454545454545457,0.913719512195122
494,frozenset({'tentativa_de_homicidio'}),"frozenset({'homicidio_culposo_por_acidente_de_transito', 'lesao_corporal_culposa_por_acidente_de_transito'})",0.7884615384615384,0.7692307692307693,0.7115384615384616,0.902439024390244,1.1731707317073172,1.0,0.1050295857988166,2.365384615384618,0.6977886977886979,0.8409090909090909,0.577235772357724,0.913719512195122
493,frozenset({'homicidio_culposo_por_acidente_de_transito'}),"frozenset({'tentativa_de_homicidio', 'lesao_corporal_culposa_por_acidente_de_transito'})",0.7692307692307693,0.7884615384615384,0.7115384615384616,0.925,1.1731707317073172,1.0,0.1050295857988166,2.8205128205128225,0.63963963963964,0.8409090909090909,0.6454545454545457,0.913719512195122
218,frozenset({'tentativa_de_homicidio'}),"frozenset({'estupro_de_vulneravel', 'homicidio_culposo_por_acidente_de_transito'})",0.7884615384615384,0.7692307692307693,0.7115384615384616,0.902439024390244,1.1731707317073172,1.0,0.1050295857988166,2.365384615384618,0.6977886977886979,0.8409090909090909,0.577235772357724,0.913719512195122
217,frozenset({'homicidio_culposo_por_acidente_de_transito'}),"frozenset({'estupro_de_vulneravel', 'tentativa_de_homicidio'})",0.7692307692307693,0.7884615384615384,0.7115384615384616,0.925,1.1731707317073172,1.0,0.1050295857988166,2.8205128205128225,0.63963963963964,0.8409090909090909,0.6454545454545457,0.913719512195122
492,"frozenset({'tentativa_de_homicidio', 'lesao_corporal_culposa_por_acidente_de_transito'})",frozenset({'homicidio_culposo_por_acidente_de_transito'}),0.7884615384615384,0.7692307692307693,0.7115384615384616,0.902439024390244,1.1731707317073172,1.0,0.1050295857988166,2.365384615384618,0.6977886977886979,0.8409090909090909,0.577235772357724,0.913719512195122
491,"frozenset({'homicidio_culposo_por_acidente_de_transito', 'lesao_corporal_culposa_por_acidente_de_transito'})",frozenset({'tentativa_de_homicidio'}),0.7692307692307693,0.7884615384615384,0.7115384615384616,0.925,1.1731707317073172,1.0,0.1050295857988166,2.8205128205128225,0.63963963963964,0.8409090909090909,0.6454545454545457,0.913719512195122
214,"frozenset({'estupro_de_vulneravel', 'homicidio_culposo_por_acidente_de_transito'})",frozenset({'tentativa_de_homicidio'}),0.7692307692307693,0.7884615384615384,0.7115384615384616,0.925,1.1731707317073172,1.0,0.1050295857988166,2.8205128205128225,0.63963963963964,0.8409090909090909,0.6454545454545457,0.913719512195122
215,"frozenset({'estupro_de_vulneravel', 'tentativa_de_homicidio'})",frozenset({'homicidio_culposo_por_acidente_de_transito'}),0.7884615384615384,0.7692307692307693,0.7115384615384616,0.902439024390244,1.1731707317073172,1.0,0.1050295857988166,2.365384615384618,0.6977886977886979,0.8409090909090909,0.577235772357724,0.913719512195122
509,frozenset({'tentativa_de_homicidio'}),"frozenset({'homicidio_culposo_por_acidente_de_transito', 'lesao_corporal_dolosa'})",0.7884615384615384,0.7692307692307693,0.7115384615384616,0.902439024390244,1.1731707317073172,1.0,0.1050295857988166,2.365384615384618,0.6977886977886979,0.8409090909090909,0.577235772357724,0.913719512195122
508,frozenset({'homicidio_culposo_por_acidente_de_transito'}),"frozenset({'tentativa_de_homicidio', 'lesao_corporal_dolosa'})",0.7692307692307693,0.7884615384615384,0.7115384615384616,0.925,1.1731707317073172,1.0,0.1050295857988166,2.8205128205128225,0.63963963963964,0.8409090909090909,0.6454545454545457,0.913719512195122
54,frozenset({'tentativa_de_homicidio'}),frozenset({'homicidio_culposo_por_acidente_de_transito'}),0.7884615384615384,0.7692307692307693,0.7115384615384616,0.902439024390244,1.1731707317073172,1.0,0.1050295857988166,2.365384615384618,0.6977886977886979,0.8409090909090909,0.577235772357724,0.913719512195122
53,frozenset({'homicidio_culposo_por_acidente_de_transito'}),frozenset({'tentativa_de_homicidio'}),0.7692307692307693,0.7884615384615384,0.7115384615384616,0.925,1.1731707317073172,1.0,0.1050295857988166,2.8205128205128225,0.63963963963964,0.8409090909090909,0.6454545454545457,0.913719512195122
332,"frozenset({'tentativa_de_homicidio', 'furto_de_veiculos'})",frozenset({'homicidio_culposo_por_acidente_de_transito'}),0.7884615384615384,0.7692307692307693,0.7115384615384616,0.902439024390244,1.1731707317073172,1.0,0.1050295857988166,2.365384615384618,0.6977886977886979,0.8409090909090909,0.577235772357724,0.913719512195122
333,frozenset({'homicidio_culposo_por_acidente_de_transito'}),"frozenset({'tentativa_de_homicidio', 'furto_de_veiculos'})",0.7692307692307693,0.7884615384615384,0.7115384615384616,0.925,1.1731707317073172,1.0,0.1050295857988166,2.8205128205128225,0.63963963963964,0.8409090909090909,0.6454545454545457,0.913719512195122
409,"frozenset({'furto_outros', 'tentativa_de_homicidio'})",frozenset({'homicidio_culposo_por_acidente_de_transito'}),0.7884615384615384,0.7692307692307693,0.7115384615384616,0.902439024390244,1.1731707317073172,1.0,0.1050295857988166,2.365384615384618,0.6977886977886979,0.8409090909090909,0.577235772357724,0.913719512195122
408,"frozenset({'furto_outros', 'homicidio_culposo_por_acidente_de_transito'})",frozenset({'tentativa_de_homicidio'}),0.7692307692307693,0.7884615384615384,0.7115384615384616,0.925,1.1731707317073172,1.0,0.1050295857988166,2.8205128205128225,0.63963963963964,0.8409090909090909,0.6454545454545457,0.913719512195122
411,frozenset({'homicidio_culposo_por_acidente_de_transito'}),"frozenset({'furto_outros', 'tentativa_de_homicidio'})",0.7692307692307693,0.7884615384615384,0.7115384615384616,0.925,1.1731707317073172,1.0,0.1050295857988166,2.8205128205128225,0.63963963963964,0.8409090909090909,0.6454545454545457,0.913719512195122
412,frozenset({'tentativa_de_homicidio'}),"frozenset({'furto_outros', 'homicidio_culposo_por_acidente_de_transito'})",0.7884615384615384,0.7692307692307693,0.7115384615384616,0.902439024390244,1.1731707317073172,1.0,0.1050295857988166,2.365384615384618,0.6977886977886979,0.8409090909090909,0.577235772357724,0.913719512195122
280,frozenset({'tentativa_de_homicidio'}),"frozenset({'estupro_de_vulneravel', 'roubo_outros'})",0.7884615384615384,0.8846153846153846,0.7884615384615384,1.0,1.1304347826086958,1.0,0.09097633136094674,inf,0.5454545454545454,0.891304347826087,1.0,0.9456521739130435
277,"frozenset({'estupro_de_vulneravel', 'roubo_outros'})",frozenset({'tentativa_de_homicidio'}),0.8846153846153846,0.7884615384615384,0.7884615384615384,0.8913043478260869,1.1304347826086956,1.0,0.09097633136094674,1.9461538461538457,0.9999999999999997,0.891304347826087,0.4861660079051382,0.9456521739130435
208,frozenset({'homicidio_culposo_por_acidente_de_transito'}),"frozenset({'roubo_de_veiculo', 'estupro_de_vulneravel'})",0.7692307692307693,0.8461538461538461,0.7307692307692307,0.95,1.1227272727272728,1.0,0.07988165680473369,3.0769230769230744,0.4736842105263157,0.826086956521739,0.6749999999999997,0.9068181818181817
204,"frozenset({'roubo_de_veiculo', 'estupro_de_vulneravel'})",frozenset({'homicidio_culposo_por_acidente_de_transito'}),0.8461538461538461,0.7692307692307693,0.7307692307692307,0.8636363636363635,1.1227272727272726,1.0,0.07988165680473369,1.6923076923076907,0.7105263157894733,0.826086956521739,0.40909090909090856,0.9068181818181817
212,frozenset({'homicidio_culposo_por_acidente_de_transito'}),"frozenset({'estupro_de_vulneravel', 'roubo_outros'})",0.7692307692307693,0.8846153846153846,0.75,0.975,1.1021739130434782,1.0,0.06952662721893488,4.615384615384612,0.4017094017094016,0.8297872340425533,0.7833333333333332,0.9114130434782608
210,"frozenset({'estupro_de_vulneravel', 'roubo_outros'})",frozenset({'homicidio_culposo_por_acidente_de_transito'}),0.8846153846153846,0.7692307692307693,0.75,0.8478260869565217,1.1021739130434782,1.0,0.06952662721893488,1.5164835164835162,0.8034188034188028,0.8297872340425533,0.3405797101449274,0.9114130434782608
91,"frozenset({'estupro_de_vulneravel', 'roubo_outros'})",frozenset({'estupro'}),0.8846153846153846,0.7307692307692307,0.7115384615384616,0.8043478260869565,1.1006864988558354,1.0,0.06508875739644981,1.3760683760683765,0.7927927927927938,0.7872340425531915,0.2732919254658387,0.8890160183066362
92,frozenset({'estupro'}),"frozenset({'estupro_de_vulneravel', 'roubo_outros'})",0.7307692307692307,0.8846153846153846,0.7115384615384616,0.9736842105263159,1.1006864988558354,1.0,0.06508875739644981,4.384615384615409,0.3397683397683403,0.7872340425531915,0.7719298245614048,0.8890160183066362
514,frozenset({'homicidio_culposo_por_acidente_de_transito'}),"frozenset({'roubo_de_veiculo', 'roubo_outros'})",0.7692307692307693,0.8461538461538461,0.7115384615384616,0.925,1.0931818181818183,1.0,0.06065088757396453,2.0512820512820524,0.3693693693693696,0.7872340425531915,0.5125000000000003,0.8829545454545455
511,"frozenset({'roubo_de_veiculo', 'roubo_outros'})",frozenset({'homicidio_culposo_por_acidente_de_transito'}),0.8461538461538461,0.7692307692307693,0.7115384615384616,0.8409090909090909,1.0931818181818183,1.0,0.06065088757396453,1.4505494505494505,0.5540540540540543,0.7872340425531915,0.3106060606060606,0.8829545454545455
572,frozenset({'roubo_outros'}),"frozenset({'tentativa_de_homicidio', 'lesao_corporal_dolosa'})",0.9230769230769231,0.7884615384615384,0.7884615384615384,0.8541666666666665,1.0833333333333333,1.0,0.06065088757396442,1.4505494505494492,0.9999999999999994,0.8541666666666665,0.31060606060606,0.9270833333333333
158,"frozenset({'estupro_de_vulneravel', 'furto_de_veiculos'})",frozenset({'tentativa_de_homicidio'}),0.9230769230769231,0.7884615384615384,0.7884615384615384,0.8541666666666665,1.0833333333333333,1.0,0.06065088757396442,1.4505494505494492,0.9999999999999994,0.8541666666666665,0.31060606060606,0.9270833333333333
161,frozenset({'tentativa_de_homicidio'}),"frozenset({'estupro_de_vulneravel', 'furto_de_veiculos'})",0.7884615384615384,0.9230769230769231,0.7884615384615384,1.0,1.0833333333333333,1.0,0.06065088757396442,inf,0.36363636363636315,0.8541666666666665,1.0,0.9270833333333333
102,"frozenset({'estupro', 'furto_de_veiculos'})",frozenset({'roubo_outros'}),0.7115384615384616,0.9230769230769231,0.7115384615384616,1.0,1.0833333333333333,1.0,0.05473372781065089,inf,0.2666666666666667,0.7708333333333334,1.0,0.8854166666666666
325,"frozenset({'homicidio_culposo_por_acidente_de_transito', 'furto_de_veiculos'})",frozenset({'roubo_outros'}),0.75,0.9230769230769231,0.75,1.0,1.0833333333333333,1.0,0.05769230769230771,inf,0.30769230769230776,0.8125,1.0,0.90625
329,frozenset({'roubo_outros'}),"frozenset({'homicidio_culposo_por_acidente_de_transito', 'furto_de_veiculos'})",0.9230769230769231,0.75,0.75,0.8124999999999999,1.0833333333333333,1.0,0.05769230769230771,1.3333333333333326,1.0000000000000009,0.8125,0.24999999999999956,0.90625
386,"frozenset({'tentativa_de_homicidio', 'furto_de_veiculos'})",frozenset({'roubo_outros'}),0.7884615384615384,0.9230769230769231,0.7884615384615384,1.0,1.0833333333333333,1.0,0.06065088757396442,inf,0.36363636363636315,0.8541666666666665,1.0,0.9270833333333333
391,frozenset({'roubo_outros'}),"frozenset({'tentativa_de_homicidio', 'furto_de_veiculos'})",0.9230769230769231,0.7884615384615384,0.7884615384615384,0.8541666666666665,1.0833333333333333,1.0,0.06065088757396442,1.4505494505494492,0.9999999999999994,0.8541666666666665,0.31060606060606,0.9270833333333333
389,frozenset({'tentativa_de_homicidio'}),"frozenset({'furto_de_veiculos', 'roubo_outros'})",0.7884615384615384,0.9230769230769231,0.7884615384615384,1.0,1.0833333333333333,1.0,0.06065088757396442,inf,0.36363636363636315,0.8541666666666665,1.0,0.9270833333333333
388,"frozenset({'furto_de_veiculos', 'roubo_outros'})",frozenset({'tentativa_de_homicidio'}),0.9230769230769231,0.7884615384615384,0.7884615384615384,0.8541666666666665,1.0833333333333333,1.0,0.06065088757396442,1.4505494505494492,0.9999999999999994,0.8541666666666665,0.31060606060606,0.9270833333333333
472,"frozenset({'furto_outros', 'tentativa_de_homicidio'})",frozenset({'roubo_outros'}),0.7884615384615384,0.9230769230769231,0.7884615384615384,1.0,1.0833333333333333,1.0,0.06065088757396442,inf,0.36363636363636315,0.8541666666666665,1.0,0.9270833333333333
476,frozenset({'roubo_outros'}),"frozenset({'furto_outros', 'tentativa_de_homicidio'})",0.9230769230769231,0.7884615384615384,0.7884615384615384,0.8541666666666665,1.0833333333333333,1.0,0.06065088757396442,1.4505494505494492,0.9999999999999994,0.8541666666666665,0.31060606060606,0.9270833333333333
571,frozenset({'tentativa_de_homicidio'}),"frozenset({'lesao_corporal_dolosa', 'roubo_outros'})",0.7884615384615384,0.9230769230769231,0.7884615384615384,1.0,1.0833333333333333,1.0,0.06065088757396442,inf,0.36363636363636315,0.8541666666666665,1.0,0.9270833333333333
568,"frozenset({'tentativa_de_homicidio', 'lesao_corporal_dolosa'})",frozenset({'roubo_outros'}),0.7884615384615384,0.9230769230769231,0.7884615384615384,1.0,1.0833333333333333,1.0,0.06065088757396442,inf,0.36363636363636315,0.8541666666666665,1.0,0.9270833333333333
276,"frozenset({'estupro_de_vulneravel', 'tentativa_de_homicidio'})",frozenset({'roubo_outros'}),0.7884615384615384,0.9230769230769231,0.7884615384615384,1.0,1.0833333333333333,1.0,0.06065088757396442,inf,0.36363636363636315,0.8541666666666665,1.0,0.9270833333333333
473,"frozenset({'furto_outros', 'roubo_outros'})",frozenset({'tentativa_de_homicidio'}),0.9230769230769231,0.7884615384615384,0.7884615384615384,0.8541666666666665,1.0833333333333333,1.0,0.06065088757396442,1.4505494505494492,0.9999999999999994,0.8541666666666665,0.31060606060606,0.9270833333333333
475,frozenset({'tentativa_de_homicidio'}),"frozenset({'furto_outros', 'roubo_outros'})",0.7884615384615384,0.9230769230769231,0.7884615384615384,1.0,1.0833333333333333,1.0,0.06065088757396442,inf,0.36363636363636315,0.8541666666666665,1.0,0.9270833333333333
281,frozenset({'roubo_outros'}),"frozenset({'estupro_de_vulneravel', 'tentativa_de_homicidio'})",0.9230769230769231,0.7884615384615384,0.7884615384615384,0.8541666666666665,1.0833333333333333,1.0,0.06065088757396442,1.4505494505494492,0.9999999999999994,0.8541666666666665,0.31060606060606,0.9270833333333333
75,frozenset({'tentativa_de_homicidio'}),frozenset({'roubo_outros'}),0.7884615384615384,0.9230769230769231,0.7884615384615384,1.0,1.0833333333333333,1.0,0.06065088757396442,inf,0.36363636363636315,0.8541666666666665,1.0,0.9270833333333333
554,"frozenset({'lesao_corporal_culposa_por_acidente_de_transito', 'roubo_outros'})",frozenset({'tentativa_de_homicidio'}),0.9230769230769231,0.7884615384615384,0.7884615384615384,0.8541666666666665,1.0833333333333333,1.0,0.06065088757396442,1.4505494505494492,0.9999999999999994,0.8541666666666665,0.31060606060606,0.9270833333333333
515,"frozenset({'homicidio_culposo_por_acidente_de_transito', 'tentativa_de_homicidio'})",frozenset({'roubo_outros'}),0.7115384615384616,0.9230769230769231,0.7115384615384616,1.0,1.0833333333333333,1.0,0.05473372781065089,inf,0.2666666666666667,0.7708333333333334,1.0,0.8854166666666666
76,frozenset({'roubo_outros'}),frozenset({'tentativa_de_homicidio'}),0.9230769230769231,0.7884615384615384,0.7884615384615384,0.8541666666666665,1.0833333333333333,1.0,0.06065088757396442,1.4505494505494492,0.9999999999999994,0.8541666666666665,0.31060606060606,0.9270833333333333
552,"frozenset({'tentativa_de_homicidio', 'lesao_corporal_culposa_por_acidente_de_transito'})",frozenset({'roubo_outros'}),0.7884615384615384,0.9230769230769231,0.7884615384615384,1.0,1.0833333333333333,1.0,0.06065088757396442,inf,0.36363636363636315,0.8541666666666665,1.0,0.9270833333333333
570,"frozenset({'lesao_corporal_dolosa', 'roubo_outros'})",frozenset({'tentativa_de_homicidio'}),0.9230769230769231,0.7884615384615384,0.7884615384615384,0.8541666666666665,1.0833333333333333,1.0,0.06065088757396442,1.4505494505494492,0.9999999999999994,0.8541666666666665,0.31060606060606,0.9270833333333333
556,frozenset({'roubo_outros'}),"frozenset({'tentativa_de_homicidio', 'lesao_corporal_culposa_por_acidente_de_transito'})",0.9230769230769231,0.7884615384615384,0.7884615384615384,0.8541666666666665,1.0833333333333333,1.0,0.06065088757396442,1.4505494505494492,0.9999999999999994,0.8541666666666665,0.31060606060606,0.9270833333333333
555,frozenset({'tentativa_de_homicidio'}),"frozenset({'lesao_corporal_culposa_por_acidente_de_transito', 'roubo_outros'})",0.7884615384615384,0.9230769230769231,0.7884615384615384,1.0,1.0833333333333333,1.0,0.06065088757396442,inf,0.36363636363636315,0.8541666666666665,1.0,0.9270833333333333
573,"frozenset({'roubo_de_veiculo', 'tentativa_de_homicidio'})",frozenset({'roubo_outros'}),0.7115384615384616,0.9230769230769231,0.7115384615384616,1.0,1.0833333333333333,1.0,0.05473372781065089,inf,0.2666666666666667,0.7708333333333334,1.0,0.8854166666666666
206,"frozenset({'estupro_de_vulneravel', 'homicidio_culposo_por_acidente_de_transito'})",frozenset({'roubo_de_veiculo'}),0.7692307692307693,0.8846153846153846,0.7307692307692307,0.95,1.0739130434782609,1.0,0.050295857988165604,2.307692307692306,0.29824561403508737,0.7916666666666666,0.5666666666666664,0.8880434782608695
497,"frozenset({'homicidio_culposo_por_acidente_de_transito', 'lesao_corporal_dolosa'})",frozenset({'roubo_de_veiculo'}),0.7692307692307693,0.8846153846153846,0.7307692307692307,0.95,1.0739130434782609,1.0,0.050295857988165604,2.307692307692306,0.29824561403508737,0.7916666666666666,0.5666666666666664,0.8880434782608695
499,frozenset({'homicidio_culposo_por_acidente_de_transito'}),"frozenset({'roubo_de_veiculo', 'lesao_corporal_dolosa'})",0.7692307692307693,0.8846153846153846,0.7307692307692307,0.95,1.0739130434782609,1.0,0.050295857988165604,2.307692307692306,0.29824561403508737,0.7916666666666666,0.5666666666666664,0.8880434782608695
484,frozenset({'homicidio_culposo_por_acidente_de_transito'}),"frozenset({'roubo_de_veiculo', 'lesao_corporal_culposa_por_acidente_de_transito'})",0.7692307692307693,0.8846153846153846,0.7307692307692307,0.95,1.0739130434782609,1.0,0.050295857988165604,2.307692307692306,0.29824561403508737,0.7916666666666666,0.5666666666666664,0.8880434782608695
482,"frozenset({'homicidio_culposo_por_acidente_de_transito', 'lesao_corporal_culposa_por_acidente_de_transito'})",frozenset({'roubo_de_veiculo'}),0.7692307692307693,0.8846153846153846,0.7307692307692307,0.95,1.0739130434782609,1.0,0.050295857988165604,2.307692307692306,0.29824561403508737,0.7916666666666666,0.5666666666666664,0.8880434782608695
402,frozenset({'homicidio_culposo_por_acidente_de_transito'}),"frozenset({'furto_outros', 'roubo_de_veiculo'})",0.7692307692307693,0.8846153846153846,0.7307692307692307,0.95,1.0739130434782609,1.0,0.050295857988165604,2.307692307692306,0.29824561403508737,0.7916666666666666,0.5666666666666664,0.8880434782608695
50,frozenset({'homicidio_culposo_por_acidente_de_transito'}),frozenset({'roubo_de_veiculo'}),0.7692307692307693,0.8846153846153846,0.7307692307692307,0.95,1.0739130434782609,1.0,0.050295857988165604,2.307692307692306,0.29824561403508737,0.7916666666666666,0.5666666666666664,0.8880434782608695
399,"frozenset({'furto_outros', 'homicidio_culposo_por_acidente_de_transito'})",frozenset({'roubo_de_veiculo'}),0.7692307692307693,0.8846153846153846,0.7307692307692307,0.95,1.0739130434782609,1.0,0.050295857988165604,2.307692307692306,0.29824561403508737,0.7916666666666666,0.5666666666666664,0.8880434782608695
401,frozenset({'roubo_de_veiculo'}),"frozenset({'furto_outros', 'homicidio_culposo_por_acidente_de_transito'})",0.8846153846153846,0.7692307692307693,0.7307692307692307,0.826086956521739,1.0739130434782607,1.0,0.050295857988165604,1.3269230769230758,0.5964912280701744,0.7916666666666666,0.2463768115942023,0.8880434782608695
49,frozenset({'roubo_de_veiculo'}),frozenset({'homicidio_culposo_por_acidente_de_transito'}),0.8846153846153846,0.7692307692307693,0.7307692307692307,0.826086956521739,1.0739130434782607,1.0,0.050295857988165604,1.3269230769230758,0.5964912280701744,0.7916666666666666,0.2463768115942023,0.8880434782608695
496,"frozenset({'roubo_de_veiculo', 'lesao_corporal_dolosa'})",frozenset({'homicidio_culposo_por_acidente_de_transito'}),0.8846153846153846,0.7692307692307693,0.7307692307692307,0.826086956521739,1.0739130434782607,1.0,0.050295857988165604,1.3269230769230758,0.5964912280701744,0.7916666666666666,0.2463768115942023,0.8880434782608695
207,frozenset({'roubo_de_veiculo'}),"frozenset({'estupro_de_vulneravel', 'homicidio_culposo_por_acidente_de_transito'})",0.8846153846153846,0.7692307692307693,0.7307692307692307,0.826086956521739,1.0739130434782607,1.0,0.050295857988165604,1.3269230769230758,0.5964912280701744,0.7916666666666666,0.2463768115942023,0.8880434782608695
498,frozenset({'roubo_de_veiculo'}),"frozenset({'homicidio_culposo_por_acidente_de_transito', 'lesao_corporal_dolosa'})",0.8846153846153846,0.7692307692307693,0.7307692307692307,0.826086956521739,1.0739130434782607,1.0,0.050295857988165604,1.3269230769230758,0.5964912280701744,0.7916666666666666,0.2463768115942023,0.8880434782608695
483,frozenset({'roubo_de_veiculo'}),"frozenset({'homicidio_culposo_por_acidente_de_transito', 'lesao_corporal_culposa_por_acidente_de_transito'})",0.8846153846153846,0.7692307692307693,0.7307692307692307,0.826086956521739,1.0739130434782607,1.0,0.050295857988165604,1.3269230769230758,0.5964912280701744,0.7916666666666666,0.2463768115942023,0.8880434782608695
481,"frozenset({'roubo_de_veiculo', 'lesao_corporal_culposa_por_acidente_de_transito'})",frozenset({'homicidio_culposo_por_acidente_de_transito'}),0.8846153846153846,0.7692307692307693,0.7307692307692307,0.826086956521739,1.0739130434782607,1.0,0.050295857988165604,1.3269230769230758,0.5964912280701744,0.7916666666666666,0.2463768115942023,0.8880434782608695
398,"frozenset({'furto_outros', 'roubo_de_veiculo'})",frozenset({'homicidio_culposo_por_acidente_de_transito'}),0.8846153846153846,0.7692307692307693,0.7307692307692307,0.826086956521739,1.0739130434782607,1.0,0.050295857988165604,1.3269230769230758,0.5964912280701744,0.7916666666666666,0.2463768115942023,0.8880434782608695
323,frozenset({'roubo_de_veiculo'}),"frozenset({'homicidio_culposo_por_acidente_de_transito', 'furto_de_veiculos'})",0.8846153846153846,0.75,0.7115384615384616,0.8043478260869565,1.0724637681159421,1.0,0.04807692307692313,1.277777777777778,0.585585585585586,0.7708333333333334,0.21739130434782616,0.8765328874024527
512,"frozenset({'homicidio_culposo_por_acidente_de_transito', 'roubo_outros'})",frozenset({'roubo_de_veiculo'}),0.75,0.8846153846153846,0.7115384615384616,0.9487179487179488,1.0724637681159421,1.0,0.04807692307692313,2.250000000000004,0.27027027027027056,0.7708333333333334,0.5555555555555564,0.8765328874024527
513,frozenset({'roubo_de_veiculo'}),"frozenset({'homicidio_culposo_por_acidente_de_transito', 'roubo_outros'})",0.8846153846153846,0.75,0.7115384615384616,0.8043478260869565,1.0724637681159421,1.0,0.04807692307692313,1.277777777777778,0.585585585585586,0.7708333333333334,0.21739130434782616,0.8765328874024527
322,"frozenset({'homicidio_culposo_por_acidente_de_transito', 'furto_de_veiculos'})",frozenset({'roubo_de_veiculo'}),0.75,0.8846153846153846,0.7115384615384616,0.9487179487179488,1.0724637681159421,1.0,0.04807692307692313,2.250000000000004,0.27027027027027056,0.7708333333333334,0.5555555555555564,0.8765328874024527
324,frozenset({'homicidio_culposo_por_acidente_de_transito'}),"frozenset({'roubo_de_veiculo', 'furto_de_veiculos'})",0.7692307692307693,0.8653846153846154,0.7115384615384616,0.925,1.068888888888889,1.0,0.04585798816568043,1.7948717948717954,0.27927927927927904,0.7708333333333334,0.44285714285714306,0.8736111111111111
321,"frozenset({'roubo_de_veiculo', 'furto_de_veiculos'})",frozenset({'homicidio_culposo_por_acidente_de_transito'}),0.8653846153846154,0.7692307692307693,0.7115384615384616,0.8222222222222223,1.068888888888889,1.0,0.04585798816568043,1.2980769230769234,0.4787644787644784,0.7708333333333334,0.22962962962962982,0.8736111111111111
577,frozenset({'tentativa_de_homicidio'}),"frozenset({'roubo_de_veiculo', 'roubo_outros'})",0.7884615384615384,0.8461538461538461,0.7115384615384616,0.902439024390244,1.066518847006652,1.0,0.044378698224852076,1.576923076923079,0.2948402948402948,0.7708333333333334,0.3658536585365863,0.8716740576496675
271,"frozenset({'roubo_de_veiculo', 'estupro_de_vulneravel'})",frozenset({'tentativa_de_homicidio'}),0.8461538461538461,0.7884615384615384,0.7115384615384616,0.8409090909090909,1.066518847006652,1.0,0.044378698224852076,1.32967032967033,0.40540540540540543,0.7708333333333334,0.2479338842975209,0.8716740576496675
275,frozenset({'tentativa_de_homicidio'}),"frozenset({'roubo_de_veiculo', 'estupro_de_vulneravel'})",0.7884615384615384,0.8461538461538461,0.7115384615384616,0.902439024390244,1.066518847006652,1.0,0.044378698224852076,1.576923076923079,0.2948402948402948,0.7708333333333334,0.3658536585365863,0.8716740576496675
574,"frozenset({'roubo_de_veiculo', 'roubo_outros'})",frozenset({'tentativa_de_homicidio'}),0.8461538461538461,0.7884615384615384,0.7115384615384616,0.8409090909090909,1.066518847006652,1.0,0.044378698224852076,1.32967032967033,0.40540540540540543,0.7708333333333334,0.2479338842975209,0.8716740576496675
375,"frozenset({'roubo_de_veiculo', 'furto_de_veiculos'})",frozenset({'roubo_outros'}),0.8653846153846154,0.9230769230769231,0.8461538461538461,0.9777777777777779,1.0592592592592593,1.0,0.047337278106508784,3.4615384615384714,0.4155844155844149,0.8979591836734693,0.7111111111111119,0.9472222222222222
380,frozenset({'roubo_outros'}),"frozenset({'roubo_de_veiculo', 'furto_de_veiculos'})",0.9230769230769231,0.8653846153846154,0.8461538461538461,0.9166666666666666,1.0592592592592591,1.0,0.047337278106508784,1.6153846153846143,0.7272727272727263,0.8979591836734693,0.38095238095238054,0.9472222222222222
132,frozenset({'homicidio_culposo_por_acidente_de_transito'}),"frozenset({'estupro_de_vulneravel', 'furto_de_veiculos'})",0.7692307692307693,0.9230769230769231,0.75,0.975,1.05625,1.0,0.03994082840236679,3.076923076923072,0.2307692307692304,0.7959183673469385,0.6749999999999995,0.8937499999999999
403,"frozenset({'furto_outros', 'homicidio_culposo_por_acidente_de_transito'})",frozenset({'roubo_outros'}),0.7692307692307693,0.9230769230769231,0.75,0.975,1.05625,1.0,0.03994082840236679,3.076923076923072,0.2307692307692304,0.7959183673469385,0.6749999999999995,0.8937499999999999
406,frozenset({'homicidio_culposo_por_acidente_de_transito'}),"frozenset({'furto_outros', 'roubo_outros'})",0.7692307692307693,0.9230769230769231,0.75,0.975,1.05625,1.0,0.03994082840236679,3.076923076923072,0.2307692307692304,0.7959183673469385,0.6749999999999995,0.8937499999999999
485,"frozenset({'homicidio_culposo_por_acidente_de_transito', 'lesao_corporal_culposa_por_acidente_de_transito'})",frozenset({'roubo_outros'}),0.7692307692307693,0.9230769230769231,0.75,0.975,1.05625,1.0,0.03994082840236679,3.076923076923072,0.2307692307692304,0.7959183673469385,0.6749999999999995,0.8937499999999999
328,frozenset({'homicidio_culposo_por_acidente_de_transito'}),"frozenset({'furto_de_veiculos', 'roubo_outros'})",0.7692307692307693,0.9230769230769231,0.75,0.975,1.05625,1.0,0.03994082840236679,3.076923076923072,0.2307692307692304,0.7959183673469385,0.6749999999999995,0.8937499999999999
500,"frozenset({'homicidio_culposo_por_acidente_de_transito', 'lesao_corporal_dolosa'})",frozenset({'roubo_outros'}),0.7692307692307693,0.9230769230769231,0.75,0.975,1.05625,1.0,0.03994082840236679,3.076923076923072,0.2307692307692304,0.7959183673469385,0.6749999999999995,0.8937499999999999
209,"frozenset({'estupro_de_vulneravel', 'homicidio_culposo_por_acidente_de_transito'})",frozenset({'roubo_outros'}),0.7692307692307693,0.9230769230769231,0.75,0.975,1.05625,1.0,0.03994082840236679,3.076923076923072,0.2307692307692304,0.7959183673469385,0.6749999999999995,0.8937499999999999
503,frozenset({'homicidio_culposo_por_acidente_de_transito'}),"frozenset({'lesao_corporal_dolosa', 'roubo_outros'})",0.7692307692307693,0.9230769230769231,0.75,0.975,1.05625,1.0,0.03994082840236679,3.076923076923072,0.2307692307692304,0.7959183673469385,0.6749999999999995,0.8937499999999999
51,frozenset({'homicidio_culposo_por_acidente_de_transito'}),frozenset({'roubo_outros'}),0.7692307692307693,0.9230769230769231,0.75,0.975,1.05625,1.0,0.03994082840236679,3.076923076923072,0.2307692307692304,0.7959183673469385,0.6749999999999995,0.8937499999999999
488,frozenset({'homicidio_culposo_por_acidente_de_transito'}),"frozenset({'lesao_corporal_culposa_por_acidente_de_transito', 'roubo_outros'})",0.7692307692307693,0.9230769230769231,0.75,0.975,1.05625,1.0,0.03994082840236679,3.076923076923072,0.2307692307692304,0.7959183673469385,0.6749999999999995,0.8937499999999999
213,frozenset({'roubo_outros'}),"frozenset({'estupro_de_vulneravel', 'homicidio_culposo_por_acidente_de_transito'})",0.9230769230769231,0.7692307692307693,0.75,0.8124999999999999,1.0562499999999997,1.0,0.03994082840236679,1.2307692307692297,0.6923076923076915,0.7959183673469385,0.18749999999999936,0.8937499999999999
52,frozenset({'roubo_outros'}),frozenset({'homicidio_culposo_por_acidente_de_transito'}),0.9230769230769231,0.7692307692307693,0.75,0.8124999999999999,1.0562499999999997,1.0,0.03994082840236679,1.2307692307692297,0.6923076923076915,0.7959183673469385,0.18749999999999936,0.8937499999999999
327,"frozenset({'furto_de_veiculos', 'roubo_outros'})",frozenset({'homicidio_culposo_por_acidente_de_transito'}),0.9230769230769231,0.7692307692307693,0.75,0.8124999999999999,1.0562499999999997,1.0,0.03994082840236679,1.2307692307692297,0.6923076923076915,0.7959183673469385,0.18749999999999936,0.8937499999999999
407,frozenset({'roubo_outros'}),"frozenset({'furto_outros', 'homicidio_culposo_por_acidente_de_transito'})",0.9230769230769231,0.7692307692307693,0.75,0.8124999999999999,1.0562499999999997,1.0,0.03994082840236679,1.2307692307692297,0.6923076923076915,0.7959183673469385,0.18749999999999936,0.8937499999999999
404,"frozenset({'furto_outros', 'roubo_outros'})",frozenset({'homicidio_culposo_por_acidente_de_transito'}),0.9230769230769231,0.7692307692307693,0.75,0.8124999999999999,1.0562499999999997,1.0,0.03994082840236679,1.2307692307692297,0.6923076923076915,0.7959183673469385,0.18749999999999936,0.8937499999999999
502,"frozenset({'lesao_corporal_dolosa', 'roubo_outros'})",frozenset({'homicidio_culposo_por_acidente_de_transito'}),0.9230769230769231,0.7692307692307693,0.75,0.8124999999999999,1.0562499999999997,1.0,0.03994082840236679,1.2307692307692297,0.6923076923076915,0.7959183673469385,0.18749999999999936,0.8937499999999999
504,frozenset({'roubo_outros'}),"frozenset({'homicidio_culposo_por_acidente_de_transito', 'lesao_corporal_dolosa'})",0.9230769230769231,0.7692307692307693,0.75,0.8124999999999999,1.0562499999999997,1.0,0.03994082840236679,1.2307692307692297,0.6923076923076915,0.7959183673469385,0.18749999999999936,0.8937499999999999
487,"frozenset({'lesao_corporal_culposa_por_acidente_de_transito', 'roubo_outros'})",frozenset({'homicidio_culposo_por_acidente_de_transito'}),0.9230769230769231,0.7692307692307693,0.75,0.8124999999999999,1.0562499999999997,1.0,0.03994082840236679,1.2307692307692297,0.6923076923076915,0.7959183673469385,0.18749999999999936,0.8937499999999999
130,"frozenset({'estupro_de_vulneravel', 'furto_de_veiculos'})",frozenset({'homicidio_culposo_por_acidente_de_transito'}),0.9230769230769231,0.7692307692307693,0.75,0.8124999999999999,1.0562499999999997,1.0,0.03994082840236679,1.2307692307692297,0.6923076923076915,0.7959183673469385,0.18749999999999936,0.8937499999999999
489,frozenset({'roubo_outros'}),"frozenset({'homicidio_culposo_por_acidente_de_transito', 'lesao_corporal_culposa_por_acidente_de_transito'})",0.9230769230769231,0.7692307692307693,0.75,0.8124999999999999,1.0562499999999997,1.0,0.03994082840236679,1.2307692307692297,0.6923076923076915,0.7959183673469385,0.18749999999999936,0.8937499999999999
510,"frozenset({'roubo_de_veiculo', 'homicidio_culposo_por_acidente_de_transito'})",frozenset({'roubo_outros'}),0.7307692307692307,0.9230769230769231,0.7115384615384616,0.9736842105263159,1.0548245614035088,1.0,0.03698224852071008,2.9230769230769367,0.19305019305019314,0.7551020408163267,0.6578947368421069,0.8722587719298246
5,frozenset({'estupro'}),frozenset({'roubo_outros'}),0.7307692307692307,0.9230769230769231,0.7115384615384616,0.9736842105263159,1.0548245614035088,1.0,0.03698224852071008,2.9230769230769367,0.19305019305019314,0.7551020408163267,0.6578947368421069,0.8722587719298246
104,frozenset({'estupro'}),"frozenset({'furto_de_veiculos', 'roubo_outros'})",0.7307692307692307,0.9230769230769231,0.7115384615384616,0.9736842105263159,1.0548245614035088,1.0,0.03698224852071008,2.9230769230769367,0.19305019305019314,0.7551020408163267,0.6578947368421069,0.8722587719298246
119,frozenset({'estupro'}),"frozenset({'lesao_corporal_culposa_por_acidente_de_transito', 'roubo_outros'})",0.7307692307692307,0.9230769230769231,0.7115384615384616,0.9736842105263159,1.0548245614035088,1.0,0.03698224852071008,2.9230769230769367,0.19305019305019314,0.7551020408163267,0.6578947368421069,0.8722587719298246
89,"frozenset({'estupro', 'estupro_de_vulneravel'})",frozenset({'roubo_outros'}),0.7307692307692307,0.9230769230769231,0.7115384615384616,0.9736842105263159,1.0548245614035088,1.0,0.03698224852071008,2.9230769230769367,0.19305019305019314,0.7551020408163267,0.6578947368421069,0.8722587719298246
79,frozenset({'estupro'}),"frozenset({'estupro_de_vulneravel', 'furto_de_veiculos'})",0.7307692307692307,0.9230769230769231,0.7115384615384616,0.9736842105263159,1.0548245614035088,1.0,0.03698224852071008,2.9230769230769367,0.19305019305019314,0.7551020408163267,0.6578947368421069,0.8722587719298246
122,frozenset({'estupro'}),"frozenset({'lesao_corporal_dolosa', 'roubo_outros'})",0.7307692307692307,0.9230769230769231,0.7115384615384616,0.9736842105263159,1.0548245614035088,1.0,0.03698224852071008,2.9230769230769367,0.19305019305019314,0.7551020408163267,0.6578947368421069,0.8722587719298246
120,"frozenset({'estupro', 'lesao_corporal_dolosa'})",frozenset({'roubo_outros'}),0.7307692307692307,0.9230769230769231,0.7115384615384616,0.9736842105263159,1.0548245614035088,1.0,0.03698224852071008,2.9230769230769367,0.19305019305019314,0.7551020408163267,0.6578947368421069,0.8722587719298246
117,"frozenset({'estupro', 'lesao_corporal_culposa_por_acidente_de_transito'})",frozenset({'roubo_outros'}),0.7307692307692307,0.9230769230769231,0.7115384615384616,0.9736842105263159,1.0548245614035088,1.0,0.03698224852071008,2.9230769230769367,0.19305019305019314,0.7551020408163267,0.6578947368421069,0.8722587719298246
111,"frozenset({'furto_outros', 'estupro'})",frozenset({'roubo_outros'}),0.7307692307692307,0.9230769230769231,0.7115384615384616,0.9736842105263159,1.0548245614035088,1.0,0.03698224852071008,2.9230769230769367,0.19305019305019314,0.7551020408163267,0.6578947368421069,0.8722587719298246
113,frozenset({'estupro'}),"frozenset({'furto_outros', 'roubo_outros'})",0.7307692307692307,0.9230769230769231,0.7115384615384616,0.9736842105263159,1.0548245614035088,1.0,0.03698224852071008,2.9230769230769367,0.19305019305019314,0.7551020408163267,0.6578947368421069,0.8722587719298246
385,frozenset({'tentativa_de_homicidio'}),"frozenset({'roubo_de_veiculo', 'furto_de_veiculos'})",0.7884615384615384,0.8653846153846154,0.7115384615384616,0.902439024390244,1.042818428184282,1.0,0.02921597633136097,1.3798076923076938,0.1941031941031942,0.7551020408163267,0.2752613240418127,0.8623306233062331
382,"frozenset({'roubo_de_veiculo', 'furto_de_veiculos'})",frozenset({'tentativa_de_homicidio'}),0.8653846153846154,0.7884615384615384,0.7115384615384616,0.8222222222222223,1.042818428184282,1.0,0.02921597633136097,1.1899038461538467,0.30501930501930535,0.7551020408163267,0.15959595959596007,0.8623306233062331
152,"frozenset({'estupro_de_vulneravel', 'roubo_outros'})",frozenset({'furto_de_veiculos'}),0.8846153846153846,0.9615384615384616,0.8846153846153846,1.0,1.04,1.0,0.03402366863905326,inf,0.3333333333333333,0.9199999999999998,1.0,0.96
165,frozenset({'homicidio_culposo_por_acidente_de_transito'}),"frozenset({'furto_outros', 'estupro_de_vulneravel'})",0.7692307692307693,0.9615384615384616,0.7692307692307693,1.0,1.04,1.0,0.029585798816567976,inf,0.16666666666666627,0.8,1.0,0.8999999999999999
162,frozenset({'furto_de_veiculos'}),"frozenset({'estupro_de_vulneravel', 'tentativa_de_homicidio'})",0.9615384615384616,0.7884615384615384,0.7884615384615384,0.82,1.04,1.0,0.03032544378698221,1.175213675213675,0.9999999999999994,0.82,0.14909090909090897,0.9099999999999999
160,frozenset({'estupro_de_vulneravel'}),"frozenset({'tentativa_de_homicidio', 'furto_de_veiculos'})",0.9615384615384616,0.7884615384615384,0.7884615384615384,0.82,1.04,1.0,0.03032544378698221,1.175213675213675,0.9999999999999994,0.82,0.14909090909090897,0.9099999999999999
159,"frozenset({'tentativa_de_homicidio', 'furto_de_veiculos'})",frozenset({'estupro_de_vulneravel'}),0.7884615384615384,0.9615384615384616,0.7884615384615384,1.0,1.04,1.0,0.03032544378698221,inf,0.18181818181818157,0.82,1.0,0.9099999999999999
157,"frozenset({'estupro_de_vulneravel', 'tentativa_de_homicidio'})",frozenset({'furto_de_veiculos'}),0.7884615384615384,0.9615384615384616,0.7884615384615384,1.0,1.04,1.0,0.03032544378698221,inf,0.18181818181818157,0.82,1.0,0.9099999999999999
163,"frozenset({'furto_outros', 'homicidio_culposo_por_acidente_de_transito'})",frozenset({'estupro_de_vulneravel'}),0.7692307692307693,0.9615384615384616,0.7692307692307693,1.0,1.04,1.0,0.029585798816567976,inf,0.16666666666666627,0.8,1.0,0.8999999999999999
82,frozenset({'estupro'}),"frozenset({'furto_outros', 'estupro_de_vulneravel'})",0.7307692307692307,0.9615384615384616,0.7307692307692307,1.0,1.04,1.0,0.028106508875739622,inf,0.1428571428571427,0.7599999999999999,1.0,0.8799999999999999
80,"frozenset({'furto_outros', 'estupro'})",frozenset({'estupro_de_vulneravel'}),0.7307692307692307,0.9615384615384616,0.7307692307692307,1.0,1.04,1.0,0.028106508875739622,inf,0.1428571428571427,0.7599999999999999,1.0,0.8799999999999999
78,"frozenset({'estupro', 'furto_de_veiculos'})",frozenset({'estupro_de_vulneravel'}),0.7115384615384616,0.9615384615384616,0.7115384615384616,1.0,1.04,1.0,0.02736686390532539,inf,0.13333333333333308,0.74,1.0,0.87
88,frozenset({'estupro'}),"frozenset({'estupro_de_vulneravel', 'lesao_corporal_dolosa'})",0.7307692307692307,0.9615384615384616,0.7307692307692307,1.0,1.04,1.0,0.028106508875739622,inf,0.1428571428571427,0.7599999999999999,1.0,0.8799999999999999
87,"frozenset({'estupro', 'lesao_corporal_dolosa'})",frozenset({'estupro_de_vulneravel'}),0.7307692307692307,0.9615384615384616,0.7307692307692307,1.0,1.04,1.0,0.028106508875739622,inf,0.1428571428571427,0.7599999999999999,1.0,0.8799999999999999
131,"frozenset({'homicidio_culposo_por_acidente_de_transito', 'furto_de_veiculos'})",frozenset({'estupro_de_vulneravel'}),0.75,0.9615384615384616,0.75,1.0,1.04,1.0,0.028846153846153855,inf,0.15384615384615388,0.7799999999999999,1.0,0.8899999999999999
84,"frozenset({'estupro', 'lesao_corporal_culposa_por_acidente_de_transito'})",frozenset({'estupro_de_vulneravel'}),0.7307692307692307,0.9615384615384616,0.7307692307692307,1.0,1.04,1.0,0.028106508875739622,inf,0.1428571428571427,0.7599999999999999,1.0,0.8799999999999999
90,"frozenset({'estupro', 'roubo_outros'})",frozenset({'estupro_de_vulneravel'}),0.7115384615384616,0.9615384615384616,0.7115384615384616,1.0,1.04,1.0,0.02736686390532539,inf,0.13333333333333308,0.74,1.0,0.87
103,"frozenset({'estupro', 'roubo_outros'})",frozenset({'furto_de_veiculos'}),0.7115384615384616,0.9615384615384616,0.7115384615384616,1.0,1.04,1.0,0.02736686390532539,inf,0.13333333333333308,0.74,1.0,0.87
85,frozenset({'estupro'}),"frozenset({'estupro_de_vulneravel', 'lesao_corporal_culposa_por_acidente_de_transito'})",0.7307692307692307,0.9615384615384616,0.7307692307692307,1.0,1.04,1.0,0.028106508875739622,inf,0.1428571428571427,0.7599999999999999,1.0,0.8799999999999999
0,frozenset({'estupro'}),frozenset({'estupro_de_vulneravel'}),0.7307692307692307,0.9615384615384616,0.7307692307692307,1.0,1.04,1.0,0.028106508875739622,inf,0.1428571428571427,0.7599999999999999,1.0,0.8799999999999999
20,frozenset({'estupro_de_vulneravel'}),frozenset({'tentativa_de_homicidio'}),0.9615384615384616,0.7884615384615384,0.7884615384615384,0.82,1.04,1.0,0.03032544378698221,1.175213675213675,0.9999999999999994,0.82,0.14909090909090897,0.9099999999999999
21,frozenset({'tentativa_de_homicidio'}),frozenset({'estupro_de_vulneravel'}),0.7884615384615384,0.9615384615384616,0.7884615384615384,1.0,1.04,1.0,0.03032544378698221,inf,0.18181818181818157,0.82,1.0,0.9099999999999999
10,frozenset({'homicidio_culposo_por_acidente_de_transito'}),frozenset({'estupro_de_vulneravel'}),0.7692307692307693,0.9615384615384616,0.7692307692307693,1.0,1.04,1.0,0.029585798816567976,inf,0.16666666666666627,0.8,1.0,0.8999999999999999
11,frozenset({'homicidio_doloso'}),frozenset({'estupro_de_vulneravel'}),0.7115384615384616,0.9615384615384616,0.7115384615384616,1.0,1.04,1.0,0.02736686390532539,inf,0.13333333333333308,0.74,1.0,0.87
193,"frozenset({'furto_outros', 'estupro_de_vulneravel'})",frozenset({'tentativa_de_homicidio'}),0.9615384615384616,0.7884615384615384,0.7884615384615384,0.82,1.04,1.0,0.03032544378698221,1.175213675213675,0.9999999999999994,0.82,0.14909090909090897,0.9099999999999999
194,"frozenset({'furto_outros', 'tentativa_de_homicidio'})",frozenset({'estupro_de_vulneravel'}),0.7884615384615384,0.9615384615384616,0.7884615384615384,1.0,1.04,1.0,0.03032544378698221,inf,0.18181818181818157,0.82,1.0,0.9099999999999999
196,frozenset({'estupro_de_vulneravel'}),"frozenset({'furto_outros', 'tentativa_de_homicidio'})",0.9615384615384616,0.7884615384615384,0.7884615384615384,0.82,1.04,1.0,0.03032544378698221,1.175213675213675,0.9999999999999994,0.82,0.14909090909090897,0.9099999999999999
197,frozenset({'tentativa_de_homicidio'}),"frozenset({'furto_outros', 'estupro_de_vulneravel'})",0.7884615384615384,0.9615384615384616,0.7884615384615384,1.0,1.04,1.0,0.03032544378698221,inf,0.18181818181818157,0.82,1.0,0.9099999999999999
199,"frozenset({'homicidio_culposo_por_acidente_de_transito', 'lesao_corporal_culposa_por_acidente_de_transito'})",frozenset({'estupro_de_vulneravel'}),0.7692307692307693,0.9615384615384616,0.7692307692307693,1.0,1.04,1.0,0.029585798816567976,inf,0.16666666666666627,0.8,1.0,0.8999999999999999
200,frozenset({'homicidio_culposo_por_acidente_de_transito'}),"frozenset({'estupro_de_vulneravel', 'lesao_corporal_culposa_por_acidente_de_transito'})",0.7692307692307693,0.9615384615384616,0.7692307692307693,1.0,1.04,1.0,0.029585798816567976,inf,0.16666666666666627,0.8,1.0,0.8999999999999999
202,"frozenset({'homicidio_culposo_por_acidente_de_transito', 'lesao_corporal_dolosa'})",frozenset({'estupro_de_vulneravel'}),0.7692307692307693,0.9615384615384616,0.7692307692307693,1.0,1.04,1.0,0.029585798816567976,inf,0.16666666666666627,0.8,1.0,0.8999999999999999
203,frozenset({'homicidio_culposo_por_acidente_de_transito'}),"frozenset({'estupro_de_vulneravel', 'lesao_corporal_dolosa'})",0.7692307692307693,0.9615384615384616,0.7692307692307693,1.0,1.04,1.0,0.029585798816567976,inf,0.16666666666666627,0.8,1.0,0.8999999999999999
205,"frozenset({'roubo_de_veiculo', 'homicidio_culposo_por_acidente_de_transito'})",frozenset({'estupro_de_vulneravel'}),0.7307692307692307,0.9615384615384616,0.7307692307692307,1.0,1.04,1.0,0.028106508875739622,inf,0.1428571428571427,0.7599999999999999,1.0,0.8799999999999999
155,frozenset({'furto_de_veiculos'}),"frozenset({'estupro_de_vulneravel', 'roubo_outros'})",0.9615384615384616,0.8846153846153846,0.8846153846153846,0.9199999999999999,1.04,1.0,0.03402366863905326,1.4423076923076914,1.0000000000000009,0.9199999999999998,0.30666666666666625,0.96
263,frozenset({'estupro_de_vulneravel'}),"frozenset({'tentativa_de_homicidio', 'lesao_corporal_dolosa'})",0.9615384615384616,0.7884615384615384,0.7884615384615384,0.82,1.04,1.0,0.03032544378698221,1.175213675213675,0.9999999999999994,0.82,0.14909090909090897,0.9099999999999999
224,frozenset({'homicidio_doloso'}),"frozenset({'estupro_de_vulneravel', 'lesao_corporal_dolosa'})",0.7115384615384616,0.9615384615384616,0.7115384615384616,1.0,1.04,1.0,0.02736686390532539,inf,0.13333333333333308,0.74,1.0,0.87
221,frozenset({'homicidio_doloso'}),"frozenset({'estupro_de_vulneravel', 'lesao_corporal_culposa_por_acidente_de_transito'})",0.7115384615384616,0.9615384615384616,0.7115384615384616,1.0,1.04,1.0,0.02736686390532539,inf,0.13333333333333308,0.74,1.0,0.87
262,"frozenset({'tentativa_de_homicidio', 'lesao_corporal_dolosa'})",frozenset({'estupro_de_vulneravel'}),0.7884615384615384,0.9615384615384616,0.7884615384615384,1.0,1.04,1.0,0.03032544378698221,inf,0.18181818181818157,0.82,1.0,0.9099999999999999
261,"frozenset({'estupro_de_vulneravel', 'lesao_corporal_dolosa'})",frozenset({'tentativa_de_homicidio'}),0.9615384615384616,0.7884615384615384,0.7884615384615384,0.82,1.04,1.0,0.03032544378698221,1.175213675213675,0.9999999999999994,0.82,0.14909090909090897,0.9099999999999999
304,"frozenset({'furto_outros', 'roubo_outros'})",frozenset({'furto_de_veiculos'}),0.9230769230769231,0.9615384615384616,0.9230769230769231,1.0,1.04,1.0,0.035502958579881616,inf,0.4999999999999997,0.9600000000000002,1.0,0.98
220,"frozenset({'homicidio_doloso', 'lesao_corporal_culposa_por_acidente_de_transito'})",frozenset({'estupro_de_vulneravel'}),0.7115384615384616,0.9615384615384616,0.7115384615384616,1.0,1.04,1.0,0.02736686390532539,inf,0.13333333333333308,0.74,1.0,0.87
216,"frozenset({'homicidio_culposo_por_acidente_de_transito', 'tentativa_de_homicidio'})",frozenset({'estupro_de_vulneravel'}),0.7115384615384616,0.9615384615384616,0.7115384615384616,1.0,1.04,1.0,0.02736686390532539,inf,0.13333333333333308,0.74,1.0,0.87
246,frozenset({'estupro_de_vulneravel'}),"frozenset({'tentativa_de_homicidio', 'lesao_corporal_culposa_por_acidente_de_transito'})",0.9615384615384616,0.7884615384615384,0.7884615384615384,0.82,1.04,1.0,0.03032544378698221,1.175213675213675,0.9999999999999994,0.82,0.14909090909090897,0.9099999999999999
245,"frozenset({'tentativa_de_homicidio', 'lesao_corporal_culposa_por_acidente_de_transito'})",frozenset({'estupro_de_vulneravel'}),0.7884615384615384,0.9615384615384616,0.7884615384615384,1.0,1.04,1.0,0.03032544378698221,inf,0.18181818181818157,0.82,1.0,0.9099999999999999
244,"frozenset({'estupro_de_vulneravel', 'lesao_corporal_culposa_por_acidente_de_transito'})",frozenset({'tentativa_de_homicidio'}),0.9615384615384616,0.7884615384615384,0.7884615384615384,0.82,1.04,1.0,0.03032544378698221,1.175213675213675,0.9999999999999994,0.82,0.14909090909090897,0.9099999999999999
211,"frozenset({'homicidio_culposo_por_acidente_de_transito', 'roubo_outros'})",frozenset({'estupro_de_vulneravel'}),0.75,0.9615384615384616,0.75,1.0,1.04,1.0,0.028846153846153855,inf,0.15384615384615388,0.7799999999999999,1.0,0.8899999999999999
272,"frozenset({'roubo_de_veiculo', 'tentativa_de_homicidio'})",frozenset({'estupro_de_vulneravel'}),0.7115384615384616,0.9615384615384616,0.7115384615384616,1.0,1.04,1.0,0.02736686390532539,inf,0.13333333333333308,0.74,1.0,0.87
264,frozenset({'tentativa_de_homicidio'}),"frozenset({'estupro_de_vulneravel', 'lesao_corporal_dolosa'})",0.7884615384615384,0.9615384615384616,0.7884615384615384,1.0,1.04,1.0,0.03032544378698221,inf,0.18181818181818157,0.82,1.0,0.9099999999999999
310,"frozenset({'furto_outros', 'furto_de_veiculos'})",frozenset({'tentativa_de_homicidio'}),0.9615384615384616,0.7884615384615384,0.7884615384615384,0.82,1.04,1.0,0.03032544378698221,1.175213675213675,0.9999999999999994,0.82,0.14909090909090897,0.9099999999999999
309,"frozenset({'furto_outros', 'tentativa_de_homicidio'})",frozenset({'furto_de_veiculos'}),0.7884615384615384,0.9615384615384616,0.7884615384615384,1.0,1.04,1.0,0.03032544378698221,inf,0.18181818181818157,0.82,1.0,0.9099999999999999
308,frozenset({'roubo_outros'}),"frozenset({'furto_outros', 'furto_de_veiculos'})",0.9230769230769231,0.9615384615384616,0.9230769230769231,1.0,1.04,1.0,0.035502958579881616,inf,0.4999999999999997,0.9600000000000002,1.0,0.98
247,frozenset({'tentativa_de_homicidio'}),"frozenset({'estupro_de_vulneravel', 'lesao_corporal_culposa_por_acidente_de_transito'})",0.7884615384615384,0.9615384615384616,0.7884615384615384,1.0,1.04,1.0,0.03032544378698221,inf,0.18181818181818157,0.82,1.0,0.9099999999999999
307,frozenset({'furto_de_veiculos'}),"frozenset({'furto_outros', 'roubo_outros'})",0.9615384615384616,0.9230769230769231,0.9230769230769231,0.9600000000000001,1.04,1.0,0.035502958579881616,1.9230769230769253,0.9999999999999994,0.9600000000000002,0.48000000000000065,0.98
222,"frozenset({'homicidio_doloso', 'lesao_corporal_dolosa'})",frozenset({'estupro_de_vulneravel'}),0.7115384615384616,0.9615384615384616,0.7115384615384616,1.0,1.04,1.0,0.02736686390532539,inf,0.13333333333333308,0.74,1.0,0.87
168,frozenset({'homicidio_doloso'}),"frozenset({'furto_outros', 'estupro_de_vulneravel'})",0.7115384615384616,0.9615384615384616,0.7115384615384616,1.0,1.04,1.0,0.02736686390532539,inf,0.13333333333333308,0.74,1.0,0.87
166,"frozenset({'furto_outros', 'homicidio_doloso'})",frozenset({'estupro_de_vulneravel'}),0.7115384615384616,0.9615384615384616,0.7115384615384616,1.0,1.04,1.0,0.02736686390532539,inf,0.13333333333333308,0.74,1.0,0.87
356,frozenset({'tentativa_de_homicidio'}),"frozenset({'lesao_corporal_culposa_por_acidente_de_transito', 'furto_de_veiculos'})",0.7884615384615384,0.9615384615384616,0.7884615384615384,1.0,1.04,1.0,0.03032544378698221,inf,0.18181818181818157,0.82,1.0,0.9099999999999999
312,frozenset({'tentativa_de_homicidio'}),"frozenset({'furto_outros', 'furto_de_veiculos'})",0.7884615384615384,0.9615384615384616,0.7884615384615384,1.0,1.04,1.0,0.03032544378698221,inf,0.18181818181818157,0.82,1.0,0.9099999999999999
313,frozenset({'furto_de_veiculos'}),"frozenset({'furto_outros', 'tentativa_de_homicidio'})",0.9615384615384616,0.7884615384615384,0.7884615384615384,0.82,1.04,1.0,0.03032544378698221,1.175213675213675,0.9999999999999994,0.82,0.14909090909090897,0.9099999999999999
326,"frozenset({'homicidio_culposo_por_acidente_de_transito', 'roubo_outros'})",frozenset({'furto_de_veiculos'}),0.75,0.9615384615384616,0.75,1.0,1.04,1.0,0.028846153846153855,inf,0.15384615384615388,0.7799999999999999,1.0,0.8899999999999999
279,frozenset({'estupro_de_vulneravel'}),"frozenset({'tentativa_de_homicidio', 'roubo_outros'})",0.9615384615384616,0.7884615384615384,0.7884615384615384,0.82,1.04,1.0,0.03032544378698221,1.175213675213675,0.9999999999999994,0.82,0.14909090909090897,0.9099999999999999
278,"frozenset({'tentativa_de_homicidio', 'roubo_outros'})",frozenset({'estupro_de_vulneravel'}),0.7884615384615384,0.9615384615384616,0.7884615384615384,1.0,1.04,1.0,0.03032544378698221,inf,0.18181818181818157,0.82,1.0,0.9099999999999999
303,"frozenset({'furto_outros', 'furto_de_veiculos'})",frozenset({'roubo_outros'}),0.9615384615384616,0.9230769230769231,0.9230769230769231,0.9600000000000001,1.04,1.0,0.035502958579881616,1.9230769230769253,0.9999999999999994,0.9600000000000002,0.48000000000000065,0.98
366,"frozenset({'lesao_corporal_dolosa', 'furto_de_veiculos'})",frozenset({'roubo_outros'}),0.9615384615384616,0.9230769230769231,0.9230769230769231,0.9600000000000001,1.04,1.0,0.035502958579881616,1.9230769230769253,0.9999999999999994,0.9600000000000002,0.48000000000000065,0.98
349,"frozenset({'lesao_corporal_culposa_por_acidente_de_transito', 'furto_de_veiculos'})",frozenset({'roubo_outros'}),0.9615384615384616,0.9230769230769231,0.9230769230769231,0.9600000000000001,1.04,1.0,0.035502958579881616,1.9230769230769253,0.9999999999999994,0.9600000000000002,0.48000000000000065,0.98
347,"frozenset({'lesao_corporal_culposa_por_acidente_de_transito', 'roubo_outros'})",frozenset({'furto_de_veiculos'}),0.9230769230769231,0.9615384615384616,0.9230769230769231,1.0,1.04,1.0,0.035502958579881616,inf,0.4999999999999997,0.9600000000000002,1.0,0.98
352,frozenset({'furto_de_veiculos'}),"frozenset({'lesao_corporal_culposa_por_acidente_de_transito', 'roubo_outros'})",0.9615384615384616,0.9230769230769231,0.9230769230769231,0.9600000000000001,1.04,1.0,0.035502958579881616,1.9230769230769253,0.9999999999999994,0.9600000000000002,0.48000000000000065,0.98
330,"frozenset({'homicidio_culposo_por_acidente_de_transito', 'tentativa_de_homicidio'})",frozenset({'furto_de_veiculos'}),0.7115384615384616,0.9615384615384616,0.7115384615384616,1.0,1.04,1.0,0.02736686390532539,inf,0.13333333333333308,0.74,1.0,0.87
376,"frozenset({'roubo_de_veiculo', 'roubo_outros'})",frozenset({'furto_de_veiculos'}),0.8461538461538461,0.9615384615384616,0.8461538461538461,1.0,1.04,1.0,0.032544378698224796,inf,0.24999999999999958,0.88,1.0,0.94
374,frozenset({'furto_de_veiculos'}),"frozenset({'tentativa_de_homicidio', 'lesao_corporal_dolosa'})",0.9615384615384616,0.7884615384615384,0.7884615384615384,0.82,1.04,1.0,0.03032544378698221,1.175213675213675,0.9999999999999994,0.82,0.14909090909090897,0.9099999999999999
373,frozenset({'tentativa_de_homicidio'}),"frozenset({'lesao_corporal_dolosa', 'furto_de_veiculos'})",0.7884615384615384,0.9615384615384616,0.7884615384615384,1.0,1.04,1.0,0.03032544378698221,inf,0.18181818181818157,0.82,1.0,0.9099999999999999
372,"frozenset({'lesao_corporal_dolosa', 'furto_de_veiculos'})",frozenset({'tentativa_de_homicidio'}),0.9615384615384616,0.7884615384615384,0.7884615384615384,0.82,1.04,1.0,0.03032544378698221,1.175213675213675,0.9999999999999994,0.82,0.14909090909090897,0.9099999999999999
350,frozenset({'roubo_outros'}),"frozenset({'lesao_corporal_culposa_por_acidente_de_transito', 'furto_de_veiculos'})",0.9230769230769231,0.9615384615384616,0.9230769230769231,1.0,1.04,1.0,0.035502958579881616,inf,0.4999999999999997,0.9600000000000002,1.0,0.98
367,frozenset({'roubo_outros'}),"frozenset({'lesao_corporal_dolosa', 'furto_de_veiculos'})",0.9230769230769231,0.9615384615384616,0.9230769230769231,1.0,1.04,1.0,0.035502958579881616,inf,0.4999999999999997,0.9600000000000002,1.0,0.98
370,"frozenset({'tentativa_de_homicidio', 'lesao_corporal_dolosa'})",frozenset({'furto_de_veiculos'}),0.7884615384615384,0.9615384615384616,0.7884615384615384,1.0,1.04,1.0,0.03032544378698221,inf,0.18181818181818157,0.82,1.0,0.9099999999999999
369,frozenset({'furto_de_veiculos'}),"frozenset({'lesao_corporal_dolosa', 'roubo_outros'})",0.9615384615384616,0.9230769230769231,0.9230769230769231,0.9600000000000001,1.04,1.0,0.035502958579881616,1.9230769230769253,0.9999999999999994,0.9600000000000002,0.48000000000000065,0.98
357,frozenset({'furto_de_veiculos'}),"frozenset({'tentativa_de_homicidio', 'lesao_corporal_culposa_por_acidente_de_transito'})",0.9615384615384616,0.7884615384615384,0.7884615384615384,0.82,1.04,1.0,0.03032544378698221,1.175213675213675,0.9999999999999994,0.82,0.14909090909090897,0.9099999999999999
364,"frozenset({'lesao_corporal_dolosa', 'roubo_outros'})",frozenset({'furto_de_veiculos'}),0.9230769230769231,0.9615384615384616,0.9230769230769231,1.0,1.04,1.0,0.035502958579881616,inf,0.4999999999999997,0.9600000000000002,1.0,0.98
355,"frozenset({'lesao_corporal_culposa_por_acidente_de_transito', 'furto_de_veiculos'})",frozenset({'tentativa_de_homicidio'}),0.9615384615384616,0.7884615384615384,0.7884615384615384,0.82,1.04,1.0,0.03032544378698221,1.175213675213675,0.9999999999999994,0.82,0.14909090909090897,0.9099999999999999
353,"frozenset({'tentativa_de_homicidio', 'lesao_corporal_culposa_por_acidente_de_transito'})",frozenset({'furto_de_veiculos'}),0.7884615384615384,0.9615384615384616,0.7884615384615384,1.0,1.04,1.0,0.03032544378698221,inf,0.18181818181818157,0.82,1.0,0.9099999999999999
379,frozenset({'furto_de_veiculos'}),"frozenset({'roubo_de_veiculo', 'roubo_outros'})",0.9615384615384616,0.8461538461538461,0.8461538461538461,0.88,1.04,1.0,0.032544378698224796,1.2820512820512822,0.9999999999999989,0.88,0.22000000000000008,0.94
381,"frozenset({'roubo_de_veiculo', 'tentativa_de_homicidio'})",frozenset({'furto_de_veiculos'}),0.7115384615384616,0.9615384615384616,0.7115384615384616,1.0,1.04,1.0,0.02736686390532539,inf,0.13333333333333308,0.74,1.0,0.87
390,frozenset({'furto_de_veiculos'}),"frozenset({'tentativa_de_homicidio', 'roubo_outros'})",0.9615384615384616,0.7884615384615384,0.7884615384615384,0.82,1.04,1.0,0.03032544378698221,1.175213675213675,0.9999999999999994,0.82,0.14909090909090897,0.9099999999999999
387,"frozenset({'tentativa_de_homicidio', 'roubo_outros'})",frozenset({'furto_de_veiculos'}),0.7884615384615384,0.9615384615384616,0.7884615384615384,1.0,1.04,1.0,0.03032544378698221,inf,0.18181818181818157,0.82,1.0,0.9099999999999999
34,frozenset({'furto_de_veiculos'}),frozenset({'tentativa_de_homicidio'}),0.9615384615384616,0.7884615384615384,0.7884615384615384,0.82,1.04,1.0,0.03032544378698221,1.175213675213675,0.9999999999999994,0.82,0.14909090909090897,0.9099999999999999
33,frozenset({'tentativa_de_homicidio'}),frozenset({'furto_de_veiculos'}),0.7884615384615384,0.9615384615384616,0.7884615384615384,1.0,1.04,1.0,0.03032544378698221,inf,0.18181818181818157,0.82,1.0,0.9099999999999999
32,frozenset({'roubo_outros'}),frozenset({'furto_de_veiculos'}),0.9230769230769231,0.9615384615384616,0.9230769230769231,1.0,1.04,1.0,0.035502958579881616,inf,0.4999999999999997,0.9600000000000002,1.0,0.98
31,frozenset({'furto_de_veiculos'}),frozenset({'roubo_outros'}),0.9615384615384616,0.9230769230769231,0.9230769230769231,0.9600000000000001,1.04,1.0,0.035502958579881616,1.9230769230769253,0.9999999999999994,0.9600000000000002,0.48000000000000065,0.98
151,"frozenset({'estupro_de_vulneravel', 'furto_de_veiculos'})",frozenset({'roubo_outros'}),0.9230769230769231,0.9230769230769231,0.8846153846153846,0.9583333333333333,1.0381944444444442,1.0,0.032544378698224685,1.8461538461538416,0.47826086956521524,0.9199999999999998,0.458333333333332,0.9583333333333333
156,frozenset({'roubo_outros'}),"frozenset({'estupro_de_vulneravel', 'furto_de_veiculos'})",0.9230769230769231,0.9230769230769231,0.8846153846153846,0.9583333333333333,1.0381944444444442,1.0,0.032544378698224685,1.8461538461538416,0.47826086956521524,0.9199999999999998,0.458333333333332,0.9583333333333333
557,"frozenset({'roubo_de_veiculo', 'lesao_corporal_dolosa'})",frozenset({'roubo_outros'}),0.8846153846153846,0.9230769230769231,0.8461538461538461,0.9565217391304348,1.036231884057971,1.0,0.029585798816567976,1.7692307692307692,0.3030303030303022,0.88,0.43478260869565216,0.9365942028985508
72,frozenset({'roubo_outros'}),frozenset({'roubo_de_veiculo'}),0.9230769230769231,0.8846153846153846,0.8461538461538461,0.9166666666666666,1.036231884057971,1.0,0.029585798816567976,1.3846153846153844,0.45454545454545375,0.88,0.2777777777777777,0.9365942028985508
71,frozenset({'roubo_de_veiculo'}),frozenset({'roubo_outros'}),0.8846153846153846,0.9230769230769231,0.8461538461538461,0.9565217391304348,1.036231884057971,1.0,0.029585798816567976,1.7692307692307692,0.3030303030303022,0.88,0.43478260869565216,0.9365942028985508
562,frozenset({'roubo_outros'}),"frozenset({'roubo_de_veiculo', 'lesao_corporal_dolosa'})",0.9230769230769231,0.8846153846153846,0.8461538461538461,0.9166666666666666,1.036231884057971,1.0,0.029585798816567976,1.3846153846153844,0.45454545454545375,0.88,0.2777777777777777,0.9365942028985508
465,frozenset({'roubo_de_veiculo'}),"frozenset({'furto_outros', 'roubo_outros'})",0.8846153846153846,0.9230769230769231,0.8461538461538461,0.9565217391304348,1.036231884057971,1.0,0.029585798816567976,1.7692307692307692,0.3030303030303022,0.88,0.43478260869565216,0.9365942028985508
377,"frozenset({'furto_de_veiculos', 'roubo_outros'})",frozenset({'roubo_de_veiculo'}),0.9230769230769231,0.8846153846153846,0.8461538461538461,0.9166666666666666,1.036231884057971,1.0,0.029585798816567976,1.3846153846153844,0.45454545454545375,0.88,0.2777777777777777,0.9365942028985508
466,frozenset({'roubo_outros'}),"frozenset({'furto_outros', 'roubo_de_veiculo'})",0.9230769230769231,0.8846153846153846,0.8461538461538461,0.9166666666666666,1.036231884057971,1.0,0.029585798816567976,1.3846153846153844,0.45454545454545375,0.88,0.2777777777777777,0.9365942028985508
461,"frozenset({'furto_outros', 'roubo_de_veiculo'})",frozenset({'roubo_outros'}),0.8846153846153846,0.9230769230769231,0.8461538461538461,0.9565217391304348,1.036231884057971,1.0,0.029585798816567976,1.7692307692307692,0.3030303030303022,0.88,0.43478260869565216,0.9365942028985508
378,frozenset({'roubo_de_veiculo'}),"frozenset({'furto_de_veiculos', 'roubo_outros'})",0.8846153846153846,0.9230769230769231,0.8461538461538461,0.9565217391304348,1.036231884057971,1.0,0.029585798816567976,1.7692307692307692,0.3030303030303022,0.88,0.43478260869565216,0.9365942028985508
560,frozenset({'roubo_de_veiculo'}),"frozenset({'lesao_corporal_dolosa', 'roubo_outros'})",0.8846153846153846,0.9230769230769231,0.8461538461538461,0.9565217391304348,1.036231884057971,1.0,0.029585798816567976,1.7692307692307692,0.3030303030303022,0.88,0.43478260869565216,0.9365942028985508
559,"frozenset({'lesao_corporal_dolosa', 'roubo_outros'})",frozenset({'roubo_de_veiculo'}),0.9230769230769231,0.8846153846153846,0.8461538461538461,0.9166666666666666,1.036231884057971,1.0,0.029585798816567976,1.3846153846153844,0.45454545454545375,0.88,0.2777777777777777,0.9365942028985508
541,"frozenset({'roubo_de_veiculo', 'lesao_corporal_culposa_por_acidente_de_transito'})",frozenset({'roubo_outros'}),0.8846153846153846,0.9230769230769231,0.8461538461538461,0.9565217391304348,1.036231884057971,1.0,0.029585798816567976,1.7692307692307692,0.3030303030303022,0.88,0.43478260869565216,0.9365942028985508
546,frozenset({'roubo_outros'}),"frozenset({'roubo_de_veiculo', 'lesao_corporal_culposa_por_acidente_de_transito'})",0.9230769230769231,0.8846153846153846,0.8461538461538461,0.9166666666666666,1.036231884057971,1.0,0.029585798816567976,1.3846153846153844,0.45454545454545375,0.88,0.2777777777777777,0.9365942028985508
544,frozenset({'roubo_de_veiculo'}),"frozenset({'lesao_corporal_culposa_por_acidente_de_transito', 'roubo_outros'})",0.8846153846153846,0.9230769230769231,0.8461538461538461,0.9565217391304348,1.036231884057971,1.0,0.029585798816567976,1.7692307692307692,0.3030303030303022,0.88,0.43478260869565216,0.9365942028985508
543,"frozenset({'lesao_corporal_culposa_por_acidente_de_transito', 'roubo_outros'})",frozenset({'roubo_de_veiculo'}),0.9230769230769231,0.8846153846153846,0.8461538461538461,0.9166666666666666,1.036231884057971,1.0,0.029585798816567976,1.3846153846153844,0.45454545454545375,0.88,0.2777777777777777,0.9365942028985508
462,"frozenset({'furto_outros', 'roubo_outros'})",frozenset({'roubo_de_veiculo'}),0.9230769230769231,0.8846153846153846,0.8461538461538461,0.9166666666666666,1.036231884057971,1.0,0.029585798816567976,1.3846153846153844,0.45454545454545375,0.88,0.2777777777777777,0.9365942028985508
265,"frozenset({'roubo_de_veiculo', 'estupro_de_vulneravel'})",frozenset({'roubo_outros'}),0.8461538461538461,0.9230769230769231,0.8076923076923077,0.9545454545454546,1.0340909090909092,1.0,0.026627218934911268,1.6923076923076927,0.21428571428571447,0.8400000000000001,0.4090909090909092,0.9147727272727273
270,frozenset({'roubo_outros'}),"frozenset({'roubo_de_veiculo', 'estupro_de_vulneravel'})",0.9230769230769231,0.8461538461538461,0.8076923076923077,0.875,1.0340909090909092,1.0,0.026627218934911268,1.2307692307692308,0.42857142857142927,0.8400000000000001,0.18750000000000006,0.9147727272727273
267,"frozenset({'estupro_de_vulneravel', 'roubo_outros'})",frozenset({'roubo_de_veiculo'}),0.8846153846153846,0.8846153846153846,0.8076923076923077,0.9130434782608697,1.0321361058601137,1.0,0.025147928994082913,1.32692307692308,0.26984126984127055,0.8400000000000001,0.24637681159420458,0.9130434782608697
268,frozenset({'roubo_de_veiculo'}),"frozenset({'estupro_de_vulneravel', 'roubo_outros'})",0.8846153846153846,0.8846153846153846,0.8076923076923077,0.9130434782608697,1.0321361058601137,1.0,0.025147928994082913,1.32692307692308,0.26984126984127055,0.8400000000000001,0.24637681159420458,0.9130434782608697
471,frozenset({'tentativa_de_homicidio'}),"frozenset({'furto_outros', 'roubo_de_veiculo'})",0.7884615384615384,0.8846153846153846,0.7115384615384616,0.902439024390244,1.020148462354189,1.0,0.014053254437869866,1.1826923076923097,0.09336609336609364,0.7400000000000002,0.15447154471544858,0.8533934252386003
549,"frozenset({'tentativa_de_homicidio', 'lesao_corporal_culposa_por_acidente_de_transito'})",frozenset({'roubo_de_veiculo'}),0.7884615384615384,0.8846153846153846,0.7115384615384616,0.902439024390244,1.020148462354189,1.0,0.014053254437869866,1.1826923076923097,0.09336609336609364,0.7400000000000002,0.15447154471544858,0.8533934252386003
383,"frozenset({'tentativa_de_homicidio', 'furto_de_veiculos'})",frozenset({'roubo_de_veiculo'}),0.7884615384615384,0.8846153846153846,0.7115384615384616,0.902439024390244,1.020148462354189,1.0,0.014053254437869866,1.1826923076923097,0.09336609336609364,0.7400000000000002,0.15447154471544858,0.8533934252386003
565,"frozenset({'tentativa_de_homicidio', 'lesao_corporal_dolosa'})",frozenset({'roubo_de_veiculo'}),0.7884615384615384,0.8846153846153846,0.7115384615384616,0.902439024390244,1.020148462354189,1.0,0.014053254437869866,1.1826923076923097,0.09336609336609364,0.7400000000000002,0.15447154471544858,0.8533934252386003
567,frozenset({'tentativa_de_homicidio'}),"frozenset({'roubo_de_veiculo', 'lesao_corporal_dolosa'})",0.7884615384615384,0.8846153846153846,0.7115384615384616,0.902439024390244,1.020148462354189,1.0,0.014053254437869866,1.1826923076923097,0.09336609336609364,0.7400000000000002,0.15447154471544858,0.8533934252386003
74,frozenset({'tentativa_de_homicidio'}),frozenset({'roubo_de_veiculo'}),0.7884615384615384,0.8846153846153846,0.7115384615384616,0.902439024390244,1.020148462354189,1.0,0.014053254437869866,1.1826923076923097,0.09336609336609364,0.7400000000000002,0.15447154471544858,0.8533934252386003
273,"frozenset({'estupro_de_vulneravel', 'tentativa_de_homicidio'})",frozenset({'roubo_de_veiculo'}),0.7884615384615384,0.8846153846153846,0.7115384615384616,0.902439024390244,1.020148462354189,1.0,0.014053254437869866,1.1826923076923097,0.09336609336609364,0.7400000000000002,0.15447154471544858,0.8533934252386003
551,frozenset({'tentativa_de_homicidio'}),"frozenset({'roubo_de_veiculo', 'lesao_corporal_culposa_por_acidente_de_transito'})",0.7884615384615384,0.8846153846153846,0.7115384615384616,0.902439024390244,1.020148462354189,1.0,0.014053254437869866,1.1826923076923097,0.09336609336609364,0.7400000000000002,0.15447154471544858,0.8533934252386003
575,"frozenset({'tentativa_de_homicidio', 'roubo_outros'})",frozenset({'roubo_de_veiculo'}),0.7884615384615384,0.8846153846153846,0.7115384615384616,0.902439024390244,1.020148462354189,1.0,0.014053254437869866,1.1826923076923097,0.09336609336609364,0.7400000000000002,0.15447154471544858,0.8533934252386003
468,"frozenset({'furto_outros', 'tentativa_de_homicidio'})",frozenset({'roubo_de_veiculo'}),0.7884615384615384,0.8846153846153846,0.7115384615384616,0.902439024390244,1.020148462354189,1.0,0.014053254437869866,1.1826923076923097,0.09336609336609364,0.7400000000000002,0.15447154471544858,0.8533934252386003
73,frozenset({'roubo_de_veiculo'}),frozenset({'tentativa_de_homicidio'}),0.8846153846153846,0.7884615384615384,0.7115384615384616,0.8043478260869565,1.0201484623541888,1.0,0.014053254437869866,1.0811965811965814,0.17117117117117164,0.7400000000000002,0.07509881422924922,0.8533934252386003
576,frozenset({'roubo_de_veiculo'}),"frozenset({'tentativa_de_homicidio', 'roubo_outros'})",0.8846153846153846,0.7884615384615384,0.7115384615384616,0.8043478260869565,1.0201484623541888,1.0,0.014053254437869866,1.0811965811965814,0.17117117117117164,0.7400000000000002,0.07509881422924922,0.8533934252386003
566,frozenset({'roubo_de_veiculo'}),"frozenset({'tentativa_de_homicidio', 'lesao_corporal_dolosa'})",0.8846153846153846,0.7884615384615384,0.7115384615384616,0.8043478260869565,1.0201484623541888,1.0,0.014053254437869866,1.0811965811965814,0.17117117117117164,0.7400000000000002,0.07509881422924922,0.8533934252386003
564,"frozenset({'roubo_de_veiculo', 'lesao_corporal_dolosa'})",frozenset({'tentativa_de_homicidio'}),0.8846153846153846,0.7884615384615384,0.7115384615384616,0.8043478260869565,1.0201484623541888,1.0,0.014053254437869866,1.0811965811965814,0.17117117117117164,0.7400000000000002,0.07509881422924922,0.8533934252386003
548,"frozenset({'roubo_de_veiculo', 'lesao_corporal_culposa_por_acidente_de_transito'})",frozenset({'tentativa_de_homicidio'}),0.8846153846153846,0.7884615384615384,0.7115384615384616,0.8043478260869565,1.0201484623541888,1.0,0.014053254437869866,1.0811965811965814,0.17117117117117164,0.7400000000000002,0.07509881422924922,0.8533934252386003
470,frozenset({'roubo_de_veiculo'}),"frozenset({'furto_outros', 'tentativa_de_homicidio'})",0.8846153846153846,0.7884615384615384,0.7115384615384616,0.8043478260869565,1.0201484623541888,1.0,0.014053254437869866,1.0811965811965814,0.17117117117117164,0.7400000000000002,0.07509881422924922,0.8533934252386003
274,frozenset({'roubo_de_veiculo'}),"frozenset({'estupro_de_vulneravel', 'tentativa_de_homicidio'})",0.8846153846153846,0.7884615384615384,0.7115384615384616,0.8043478260869565,1.0201484623541888,1.0,0.014053254437869866,1.0811965811965814,0.17117117117117164,0.7400000000000002,0.07509881422924922,0.8533934252386003
467,"frozenset({'furto_outros', 'roubo_de_veiculo'})",frozenset({'tentativa_de_homicidio'}),0.8846153846153846,0.7884615384615384,0.7115384615384616,0.8043478260869565,1.0201484623541888,1.0,0.014053254437869866,1.0811965811965814,0.17117117117117164,0.7400000000000002,0.07509881422924922,0.8533934252386003
384,frozenset({'roubo_de_veiculo'}),"frozenset({'tentativa_de_homicidio', 'furto_de_veiculos'})",0.8846153846153846,0.7884615384615384,0.7115384615384616,0.8043478260869565,1.0201484623541888,1.0,0.014053254437869866,1.0811965811965814,0.17117117117117164,0.7400000000000002,0.07509881422924922,0.8533934252386003
550,frozenset({'roubo_de_veiculo'}),"frozenset({'tentativa_de_homicidio', 'lesao_corporal_culposa_por_acidente_de_transito'})",0.8846153846153846,0.7884615384615384,0.7115384615384616,0.8043478260869565,1.0201484623541888,1.0,0.014053254437869866,1.0811965811965814,0.17117117117117164,0.7400000000000002,0.07509881422924922,0.8533934252386003
30,frozenset({'furto_de_veiculos'}),frozenset({'roubo_de_veiculo'}),0.9615384615384616,0.8846153846153846,0.8653846153846154,0.8999999999999999,1.017391304347826,1.0,0.0147928994082841,1.153846153846153,0.44444444444444703,0.8823529411764706,0.13333333333333283,0.9391304347826086
360,"frozenset({'lesao_corporal_dolosa', 'furto_de_veiculos'})",frozenset({'roubo_de_veiculo'}),0.9615384615384616,0.8846153846153846,0.8653846153846154,0.8999999999999999,1.017391304347826,1.0,0.0147928994082841,1.153846153846153,0.44444444444444703,0.8823529411764706,0.13333333333333283,0.9391304347826086
361,frozenset({'roubo_de_veiculo'}),"frozenset({'lesao_corporal_dolosa', 'furto_de_veiculos'})",0.8846153846153846,0.9615384615384616,0.8653846153846154,0.9782608695652174,1.017391304347826,1.0,0.0147928994082841,1.7692307692307692,0.14814814814814886,0.8823529411764706,0.43478260869565216,0.9391304347826086
358,"frozenset({'roubo_de_veiculo', 'lesao_corporal_dolosa'})",frozenset({'furto_de_veiculos'}),0.8846153846153846,0.9615384615384616,0.8653846153846154,0.9782608695652174,1.017391304347826,1.0,0.0147928994082841,1.7692307692307692,0.14814814814814886,0.8823529411764706,0.43478260869565216,0.9391304347826086
29,frozenset({'roubo_de_veiculo'}),frozenset({'furto_de_veiculos'}),0.8846153846153846,0.9615384615384616,0.8653846153846154,0.9782608695652174,1.017391304347826,1.0,0.0147928994082841,1.7692307692307692,0.14814814814814886,0.8823529411764706,0.43478260869565216,0.9391304347826086
298,"frozenset({'furto_outros', 'furto_de_veiculos'})",frozenset({'roubo_de_veiculo'}),0.9615384615384616,0.8846153846153846,0.8653846153846154,0.8999999999999999,1.017391304347826,1.0,0.0147928994082841,1.153846153846153,0.44444444444444703,0.8823529411764706,0.13333333333333283,0.9391304347826086
297,"frozenset({'furto_outros', 'roubo_de_veiculo'})",frozenset({'furto_de_veiculos'}),0.8846153846153846,0.9615384615384616,0.8653846153846154,0.9782608695652174,1.017391304347826,1.0,0.0147928994082841,1.7692307692307692,0.14814814814814886,0.8823529411764706,0.43478260869565216,0.9391304347826086
344,frozenset({'roubo_de_veiculo'}),"frozenset({'lesao_corporal_culposa_por_acidente_de_transito', 'furto_de_veiculos'})",0.8846153846153846,0.9615384615384616,0.8653846153846154,0.9782608695652174,1.017391304347826,1.0,0.0147928994082841,1.7692307692307692,0.14814814814814886,0.8823529411764706,0.43478260869565216,0.9391304347826086
363,frozenset({'furto_de_veiculos'}),"frozenset({'roubo_de_veiculo', 'lesao_corporal_dolosa'})",0.9615384615384616,0.8846153846153846,0.8653846153846154,0.8999999999999999,1.017391304347826,1.0,0.0147928994082841,1.153846153846153,0.44444444444444703,0.8823529411764706,0.13333333333333283,0.9391304347826086
341,"frozenset({'roubo_de_veiculo', 'lesao_corporal_culposa_por_acidente_de_transito'})",frozenset({'furto_de_veiculos'}),0.8846153846153846,0.9615384615384616,0.8653846153846154,0.9782608695652174,1.017391304347826,1.0,0.0147928994082841,1.7692307692307692,0.14814814814814886,0.8823529411764706,0.43478260869565216,0.9391304347826086
302,frozenset({'furto_de_veiculos'}),"frozenset({'furto_outros', 'roubo_de_veiculo'})",0.9615384615384616,0.8846153846153846,0.8653846153846154,0.8999999999999999,1.017391304347826,1.0,0.0147928994082841,1.153846153846153,0.44444444444444703,0.8823529411764706,0.13333333333333283,0.9391304347826086
301,frozenset({'roubo_de_veiculo'}),"frozenset({'furto_outros', 'furto_de_veiculos'})",0.8846153846153846,0.9615384615384616,0.8653846153846154,0.9782608695652174,1.017391304347826,1.0,0.0147928994082841,1.7692307692307692,0.14814814814814886,0.8823529411764706,0.43478260869565216,0.9391304347826086
346,frozenset({'furto_de_veiculos'}),"frozenset({'roubo_de_veiculo', 'lesao_corporal_culposa_por_acidente_de_transito'})",0.9615384615384616,0.8846153846153846,0.8653846153846154,0.8999999999999999,1.017391304347826,1.0,0.0147928994082841,1.153846153846153,0.44444444444444703,0.8823529411764706,0.13333333333333283,0.9391304347826086
343,"frozenset({'lesao_corporal_culposa_por_acidente_de_transito', 'furto_de_veiculos'})",frozenset({'roubo_de_veiculo'}),0.9615384615384616,0.8846153846153846,0.8653846153846154,0.8999999999999999,1.017391304347826,1.0,0.0147928994082841,1.153846153846153,0.44444444444444703,0.8823529411764706,0.13333333333333283,0.9391304347826086
145,"frozenset({'roubo_de_veiculo', 'estupro_de_vulneravel'})",frozenset({'furto_de_veiculos'}),0.8461538461538461,0.9615384615384616,0.8269230769230769,0.9772727272727271,1.0163636363636361,1.0,0.013313609467455523,1.692307692307676,0.10465116279069689,0.8431372549019607,0.40909090909090345,0.9186363636363635
150,frozenset({'furto_de_veiculos'}),"frozenset({'roubo_de_veiculo', 'estupro_de_vulneravel'})",0.9615384615384616,0.8461538461538461,0.8269230769230769,0.8599999999999999,1.0163636363636361,1.0,0.013313609467455523,1.0989010989010979,0.41860465116278794,0.8431372549019607,0.08999999999999925,0.9186363636363635
316,frozenset({'homicidio_culposo_por_acidente_de_transito'}),"frozenset({'lesao_corporal_culposa_por_acidente_de_transito', 'furto_de_veiculos'})",0.7692307692307693,0.9615384615384616,0.75,0.975,1.014,1.0,0.010355029585798703,1.538461538461536,0.059829059829059186,0.7647058823529411,0.349999999999999,0.8775
314,"frozenset({'homicidio_culposo_por_acidente_de_transito', 'lesao_corporal_culposa_por_acidente_de_transito'})",frozenset({'furto_de_veiculos'}),0.7692307692307693,0.9615384615384616,0.75,0.975,1.014,1.0,0.010355029585798703,1.538461538461536,0.059829059829059186,0.7647058823529411,0.349999999999999,0.8775
317,"frozenset({'homicidio_culposo_por_acidente_de_transito', 'lesao_corporal_dolosa'})",frozenset({'furto_de_veiculos'}),0.7692307692307693,0.9615384615384616,0.75,0.975,1.014,1.0,0.010355029585798703,1.538461538461536,0.059829059829059186,0.7647058823529411,0.349999999999999,0.8775
129,"frozenset({'estupro_de_vulneravel', 'homicidio_culposo_por_acidente_de_transito'})",frozenset({'furto_de_veiculos'}),0.7692307692307693,0.9615384615384616,0.75,0.975,1.014,1.0,0.010355029585798703,1.538461538461536,0.059829059829059186,0.7647058823529411,0.349999999999999,0.8775
282,"frozenset({'furto_outros', 'homicidio_culposo_por_acidente_de_transito'})",frozenset({'furto_de_veiculos'}),0.7692307692307693,0.9615384615384616,0.75,0.975,1.014,1.0,0.010355029585798703,1.538461538461536,0.059829059829059186,0.7647058823529411,0.349999999999999,0.8775
319,frozenset({'homicidio_culposo_por_acidente_de_transito'}),"frozenset({'lesao_corporal_dolosa', 'furto_de_veiculos'})",0.7692307692307693,0.9615384615384616,0.75,0.975,1.014,1.0,0.010355029585798703,1.538461538461536,0.059829059829059186,0.7647058823529411,0.349999999999999,0.8775
284,frozenset({'homicidio_culposo_por_acidente_de_transito'}),"frozenset({'furto_outros', 'furto_de_veiculos'})",0.7692307692307693,0.9615384615384616,0.75,0.975,1.014,1.0,0.010355029585798703,1.538461538461536,0.059829059829059186,0.7647058823529411,0.349999999999999,0.8775
24,frozenset({'homicidio_culposo_por_acidente_de_transito'}),frozenset({'furto_de_veiculos'}),0.7692307692307693,0.9615384615384616,0.75,0.975,1.014,1.0,0.010355029585798703,1.538461538461536,0.059829059829059186,0.7647058823529411,0.349999999999999,0.8775
148,frozenset({'roubo_de_veiculo'}),"frozenset({'estupro_de_vulneravel', 'furto_de_veiculos'})",0.8846153846153846,0.9230769230769231,0.8269230769230769,0.9347826086956521,1.0126811594202898,1.0,0.010355029585798703,1.1794871794871775,0.10852713178294453,0.8431372549019607,0.15217391304347683,0.9153079710144927
147,"frozenset({'estupro_de_vulneravel', 'furto_de_veiculos'})",frozenset({'roubo_de_veiculo'}),0.9230769230769231,0.8846153846153846,0.8269230769230769,0.8958333333333331,1.0126811594202896,1.0,0.010355029585798703,1.107692307692306,0.16279069767441695,0.8431372549019607,0.09722222222222089,0.9153079710144927
320,"frozenset({'roubo_de_veiculo', 'homicidio_culposo_por_acidente_de_transito'})",frozenset({'furto_de_veiculos'}),0.7307692307692307,0.9615384615384616,0.7115384615384616,0.9736842105263159,1.0126315789473685,1.0,0.00887573964497046,1.4615384615384683,0.04633204633204656,0.7254901960784315,0.31578947368421373,0.856842105263158
77,"frozenset({'estupro', 'estupro_de_vulneravel'})",frozenset({'furto_de_veiculos'}),0.7307692307692307,0.9615384615384616,0.7115384615384616,0.9736842105263159,1.0126315789473685,1.0,0.00887573964497046,1.4615384615384683,0.04633204633204656,0.7254901960784315,0.31578947368421373,0.856842105263158
101,frozenset({'estupro'}),"frozenset({'lesao_corporal_dolosa', 'furto_de_veiculos'})",0.7307692307692307,0.9615384615384616,0.7115384615384616,0.9736842105263159,1.0126315789473685,1.0,0.00887573964497046,1.4615384615384683,0.04633204633204656,0.7254901960784315,0.31578947368421373,0.856842105263158
99,"frozenset({'estupro', 'lesao_corporal_dolosa'})",frozenset({'furto_de_veiculos'}),0.7307692307692307,0.9615384615384616,0.7115384615384616,0.9736842105263159,1.0126315789473685,1.0,0.00887573964497046,1.4615384615384683,0.04633204633204656,0.7254901960784315,0.31578947368421373,0.856842105263158
98,frozenset({'estupro'}),"frozenset({'lesao_corporal_culposa_por_acidente_de_transito', 'furto_de_veiculos'})",0.7307692307692307,0.9615384615384616,0.7115384615384616,0.9736842105263159,1.0126315789473685,1.0,0.00887573964497046,1.4615384615384683,0.04633204633204656,0.7254901960784315,0.31578947368421373,0.856842105263158
95,frozenset({'estupro'}),"frozenset({'furto_outros', 'furto_de_veiculos'})",0.7307692307692307,0.9615384615384616,0.7115384615384616,0.9736842105263159,1.0126315789473685,1.0,0.00887573964497046,1.4615384615384683,0.04633204633204656,0.7254901960784315,0.31578947368421373,0.856842105263158
93,"frozenset({'furto_outros', 'estupro'})",frozenset({'furto_de_veiculos'}),0.7307692307692307,0.9615384615384616,0.7115384615384616,0.9736842105263159,1.0126315789473685,1.0,0.00887573964497046,1.4615384615384683,0.04633204633204656,0.7254901960784315,0.31578947368421373,0.856842105263158
96,"frozenset({'estupro', 'lesao_corporal_culposa_por_acidente_de_transito'})",frozenset({'furto_de_veiculos'}),0.7307692307692307,0.9615384615384616,0.7115384615384616,0.9736842105263159,1.0126315789473685,1.0,0.00887573964497046,1.4615384615384683,0.04633204633204656,0.7254901960784315,0.31578947368421373,0.856842105263158
1,frozenset({'estupro'}),frozenset({'furto_de_veiculos'}),0.7307692307692307,0.9615384615384616,0.7115384615384616,0.9736842105263159,1.0126315789473685,1.0,0.00887573964497046,1.4615384615384683,0.04633204633204656,0.7254901960784315,0.31578947368421373,0.856842105263158
